"","Chain","Generation","Condition","Source_image","Drawing_ID"
"1",0,0,1,7,"Chain_0_Gen_0_Cond_1_Source_7"
"2",0,0,1,1,"Chain_0_Gen_0_Cond_1_Source_1"
"3",0,0,1,5,"Chain_0_Gen_0_Cond_1_Source_5"
"4",0,0,2,8,"Chain_0_Gen_0_Cond_2_Source_8"
"5",0,0,2,6,"Chain_0_Gen_0_Cond_2_Source_6"
"6",0,0,2,3,"Chain_0_Gen_0_Cond_2_Source_3"
"7",0,0,3,12,"Chain_0_Gen_0_Cond_3_Source_12"
"8",0,0,3,4,"Chain_0_Gen_0_Cond_3_Source_4"
"9",0,0,3,9,"Chain_0_Gen_0_Cond_3_Source_9"
"10",0,0,4,11,"Chain_0_Gen_0_Cond_4_Source_11"
"11",0,0,4,2,"Chain_0_Gen_0_Cond_4_Source_2"
"12",0,0,4,10,"Chain_0_Gen_0_Cond_4_Source_10"
"13",0,1,1,7,"Chain_0_Gen_1_Cond_1_Source_7"
"14",0,1,1,1,"Chain_0_Gen_1_Cond_1_Source_1"
"15",0,1,1,5,"Chain_0_Gen_1_Cond_1_Source_5"
"16",0,1,2,8,"Chain_0_Gen_1_Cond_2_Source_8"
"17",0,1,2,6,"Chain_0_Gen_1_Cond_2_Source_6"
"18",0,1,2,3,"Chain_0_Gen_1_Cond_2_Source_3"
"19",0,1,3,12,"Chain_0_Gen_1_Cond_3_Source_12"
"20",0,1,3,4,"Chain_0_Gen_1_Cond_3_Source_4"
"21",0,1,3,9,"Chain_0_Gen_1_Cond_3_Source_9"
"22",0,1,4,11,"Chain_0_Gen_1_Cond_4_Source_11"
"23",0,1,4,2,"Chain_0_Gen_1_Cond_4_Source_2"
"24",0,1,4,10,"Chain_0_Gen_1_Cond_4_Source_10"
"25",0,2,1,7,"Chain_0_Gen_2_Cond_1_Source_7"
"26",0,2,1,1,"Chain_0_Gen_2_Cond_1_Source_1"
"27",0,2,1,5,"Chain_0_Gen_2_Cond_1_Source_5"
"28",0,2,2,8,"Chain_0_Gen_2_Cond_2_Source_8"
"29",0,2,2,6,"Chain_0_Gen_2_Cond_2_Source_6"
"30",0,2,2,3,"Chain_0_Gen_2_Cond_2_Source_3"
"31",0,2,3,12,"Chain_0_Gen_2_Cond_3_Source_12"
"32",0,2,3,4,"Chain_0_Gen_2_Cond_3_Source_4"
"33",0,2,3,9,"Chain_0_Gen_2_Cond_3_Source_9"
"34",0,2,4,11,"Chain_0_Gen_2_Cond_4_Source_11"
"35",0,2,4,2,"Chain_0_Gen_2_Cond_4_Source_2"
"36",0,2,4,10,"Chain_0_Gen_2_Cond_4_Source_10"
"37",0,3,1,7,"Chain_0_Gen_3_Cond_1_Source_7"
"38",0,3,1,1,"Chain_0_Gen_3_Cond_1_Source_1"
"39",0,3,1,5,"Chain_0_Gen_3_Cond_1_Source_5"
"40",0,3,2,8,"Chain_0_Gen_3_Cond_2_Source_8"
"41",0,3,2,6,"Chain_0_Gen_3_Cond_2_Source_6"
"42",0,3,2,3,"Chain_0_Gen_3_Cond_2_Source_3"
"43",0,3,3,12,"Chain_0_Gen_3_Cond_3_Source_12"
"44",0,3,3,4,"Chain_0_Gen_3_Cond_3_Source_4"
"45",0,3,3,9,"Chain_0_Gen_3_Cond_3_Source_9"
"46",0,3,4,11,"Chain_0_Gen_3_Cond_4_Source_11"
"47",0,3,4,2,"Chain_0_Gen_3_Cond_4_Source_2"
"48",0,3,4,10,"Chain_0_Gen_3_Cond_4_Source_10"
"49",0,4,1,7,"Chain_0_Gen_4_Cond_1_Source_7"
"50",0,4,1,1,"Chain_0_Gen_4_Cond_1_Source_1"
"51",0,4,1,5,"Chain_0_Gen_4_Cond_1_Source_5"
"52",0,4,2,8,"Chain_0_Gen_4_Cond_2_Source_8"
"53",0,4,2,6,"Chain_0_Gen_4_Cond_2_Source_6"
"54",0,4,2,3,"Chain_0_Gen_4_Cond_2_Source_3"
"55",0,4,3,12,"Chain_0_Gen_4_Cond_3_Source_12"
"56",0,4,3,4,"Chain_0_Gen_4_Cond_3_Source_4"
"57",0,4,3,9,"Chain_0_Gen_4_Cond_3_Source_9"
"58",0,4,4,11,"Chain_0_Gen_4_Cond_4_Source_11"
"59",0,4,4,2,"Chain_0_Gen_4_Cond_4_Source_2"
"60",0,4,4,10,"Chain_0_Gen_4_Cond_4_Source_10"
"61",0,5,1,7,"Chain_0_Gen_5_Cond_1_Source_7"
"62",0,5,1,1,"Chain_0_Gen_5_Cond_1_Source_1"
"63",0,5,1,5,"Chain_0_Gen_5_Cond_1_Source_5"
"64",0,5,2,8,"Chain_0_Gen_5_Cond_2_Source_8"
"65",0,5,2,6,"Chain_0_Gen_5_Cond_2_Source_6"
"66",0,5,2,3,"Chain_0_Gen_5_Cond_2_Source_3"
"67",0,5,3,12,"Chain_0_Gen_5_Cond_3_Source_12"
"68",0,5,3,4,"Chain_0_Gen_5_Cond_3_Source_4"
"69",0,5,3,9,"Chain_0_Gen_5_Cond_3_Source_9"
"70",0,5,4,11,"Chain_0_Gen_5_Cond_4_Source_11"
"71",0,5,4,2,"Chain_0_Gen_5_Cond_4_Source_2"
"72",0,5,4,10,"Chain_0_Gen_5_Cond_4_Source_10"
"73",0,6,1,7,"Chain_0_Gen_6_Cond_1_Source_7"
"74",0,6,1,1,"Chain_0_Gen_6_Cond_1_Source_1"
"75",0,6,1,5,"Chain_0_Gen_6_Cond_1_Source_5"
"76",0,6,2,8,"Chain_0_Gen_6_Cond_2_Source_8"
"77",0,6,2,6,"Chain_0_Gen_6_Cond_2_Source_6"
"78",0,6,2,3,"Chain_0_Gen_6_Cond_2_Source_3"
"79",0,6,3,12,"Chain_0_Gen_6_Cond_3_Source_12"
"80",0,6,3,4,"Chain_0_Gen_6_Cond_3_Source_4"
"81",0,6,3,9,"Chain_0_Gen_6_Cond_3_Source_9"
"82",0,6,4,11,"Chain_0_Gen_6_Cond_4_Source_11"
"83",0,6,4,2,"Chain_0_Gen_6_Cond_4_Source_2"
"84",0,6,4,10,"Chain_0_Gen_6_Cond_4_Source_10"
"85",12,0,1,6,"Chain_12_Gen_0_Cond_1_Source_6"
"86",12,0,1,1,"Chain_12_Gen_0_Cond_1_Source_1"
"87",12,0,1,7,"Chain_12_Gen_0_Cond_1_Source_7"
"88",12,0,2,5,"Chain_12_Gen_0_Cond_2_Source_5"
"89",12,0,2,11,"Chain_12_Gen_0_Cond_2_Source_11"
"90",12,0,2,4,"Chain_12_Gen_0_Cond_2_Source_4"
"91",12,0,3,12,"Chain_12_Gen_0_Cond_3_Source_12"
"92",12,0,3,8,"Chain_12_Gen_0_Cond_3_Source_8"
"93",12,0,3,10,"Chain_12_Gen_0_Cond_3_Source_10"
"94",12,0,4,9,"Chain_12_Gen_0_Cond_4_Source_9"
"95",12,0,4,2,"Chain_12_Gen_0_Cond_4_Source_2"
"96",12,0,4,3,"Chain_12_Gen_0_Cond_4_Source_3"
"97",12,1,1,6,"Chain_12_Gen_1_Cond_1_Source_6"
"98",12,1,1,1,"Chain_12_Gen_1_Cond_1_Source_1"
"99",12,1,1,7,"Chain_12_Gen_1_Cond_1_Source_7"
"100",12,1,2,5,"Chain_12_Gen_1_Cond_2_Source_5"
"101",12,1,2,11,"Chain_12_Gen_1_Cond_2_Source_11"
"102",12,1,2,4,"Chain_12_Gen_1_Cond_2_Source_4"
"103",12,1,3,12,"Chain_12_Gen_1_Cond_3_Source_12"
"104",12,1,3,8,"Chain_12_Gen_1_Cond_3_Source_8"
"105",12,1,3,10,"Chain_12_Gen_1_Cond_3_Source_10"
"106",12,1,4,9,"Chain_12_Gen_1_Cond_4_Source_9"
"107",12,1,4,2,"Chain_12_Gen_1_Cond_4_Source_2"
"108",12,1,4,3,"Chain_12_Gen_1_Cond_4_Source_3"
"109",12,2,1,6,"Chain_12_Gen_2_Cond_1_Source_6"
"110",12,2,1,1,"Chain_12_Gen_2_Cond_1_Source_1"
"111",12,2,1,7,"Chain_12_Gen_2_Cond_1_Source_7"
"112",12,2,2,5,"Chain_12_Gen_2_Cond_2_Source_5"
"113",12,2,2,11,"Chain_12_Gen_2_Cond_2_Source_11"
"114",12,2,2,4,"Chain_12_Gen_2_Cond_2_Source_4"
"115",12,2,3,12,"Chain_12_Gen_2_Cond_3_Source_12"
"116",12,2,3,8,"Chain_12_Gen_2_Cond_3_Source_8"
"117",12,2,3,10,"Chain_12_Gen_2_Cond_3_Source_10"
"118",12,2,4,9,"Chain_12_Gen_2_Cond_4_Source_9"
"119",12,2,4,2,"Chain_12_Gen_2_Cond_4_Source_2"
"120",12,2,4,3,"Chain_12_Gen_2_Cond_4_Source_3"
"121",12,3,1,6,"Chain_12_Gen_3_Cond_1_Source_6"
"122",12,3,1,1,"Chain_12_Gen_3_Cond_1_Source_1"
"123",12,3,1,7,"Chain_12_Gen_3_Cond_1_Source_7"
"124",12,3,2,5,"Chain_12_Gen_3_Cond_2_Source_5"
"125",12,3,2,11,"Chain_12_Gen_3_Cond_2_Source_11"
"126",12,3,2,4,"Chain_12_Gen_3_Cond_2_Source_4"
"127",12,3,3,12,"Chain_12_Gen_3_Cond_3_Source_12"
"128",12,3,3,8,"Chain_12_Gen_3_Cond_3_Source_8"
"129",12,3,3,10,"Chain_12_Gen_3_Cond_3_Source_10"
"130",12,3,4,9,"Chain_12_Gen_3_Cond_4_Source_9"
"131",12,3,4,2,"Chain_12_Gen_3_Cond_4_Source_2"
"132",12,3,4,3,"Chain_12_Gen_3_Cond_4_Source_3"
"133",12,4,1,6,"Chain_12_Gen_4_Cond_1_Source_6"
"134",12,4,1,1,"Chain_12_Gen_4_Cond_1_Source_1"
"135",12,4,1,7,"Chain_12_Gen_4_Cond_1_Source_7"
"136",12,4,2,5,"Chain_12_Gen_4_Cond_2_Source_5"
"137",12,4,2,11,"Chain_12_Gen_4_Cond_2_Source_11"
"138",12,4,2,4,"Chain_12_Gen_4_Cond_2_Source_4"
"139",12,4,3,12,"Chain_12_Gen_4_Cond_3_Source_12"
"140",12,4,3,8,"Chain_12_Gen_4_Cond_3_Source_8"
"141",12,4,3,10,"Chain_12_Gen_4_Cond_3_Source_10"
"142",12,4,4,9,"Chain_12_Gen_4_Cond_4_Source_9"
"143",12,4,4,2,"Chain_12_Gen_4_Cond_4_Source_2"
"144",12,4,4,3,"Chain_12_Gen_4_Cond_4_Source_3"
"145",12,5,1,6,"Chain_12_Gen_5_Cond_1_Source_6"
"146",12,5,1,1,"Chain_12_Gen_5_Cond_1_Source_1"
"147",12,5,1,7,"Chain_12_Gen_5_Cond_1_Source_7"
"148",12,5,2,5,"Chain_12_Gen_5_Cond_2_Source_5"
"149",12,5,2,11,"Chain_12_Gen_5_Cond_2_Source_11"
"150",12,5,2,4,"Chain_12_Gen_5_Cond_2_Source_4"
"151",12,5,3,12,"Chain_12_Gen_5_Cond_3_Source_12"
"152",12,5,3,8,"Chain_12_Gen_5_Cond_3_Source_8"
"153",12,5,3,10,"Chain_12_Gen_5_Cond_3_Source_10"
"154",12,5,4,9,"Chain_12_Gen_5_Cond_4_Source_9"
"155",12,5,4,2,"Chain_12_Gen_5_Cond_4_Source_2"
"156",12,5,4,3,"Chain_12_Gen_5_Cond_4_Source_3"
"157",12,6,1,6,"Chain_12_Gen_6_Cond_1_Source_6"
"158",12,6,1,1,"Chain_12_Gen_6_Cond_1_Source_1"
"159",12,6,1,7,"Chain_12_Gen_6_Cond_1_Source_7"
"160",12,6,2,5,"Chain_12_Gen_6_Cond_2_Source_5"
"161",12,6,2,11,"Chain_12_Gen_6_Cond_2_Source_11"
"162",12,6,2,4,"Chain_12_Gen_6_Cond_2_Source_4"
"163",12,6,3,12,"Chain_12_Gen_6_Cond_3_Source_12"
"164",12,6,3,8,"Chain_12_Gen_6_Cond_3_Source_8"
"165",12,6,3,10,"Chain_12_Gen_6_Cond_3_Source_10"
"166",12,6,4,9,"Chain_12_Gen_6_Cond_4_Source_9"
"167",12,6,4,2,"Chain_12_Gen_6_Cond_4_Source_2"
"168",12,6,4,3,"Chain_12_Gen_6_Cond_4_Source_3"
"169",13,0,1,2,"Chain_13_Gen_0_Cond_1_Source_2"
"170",13,0,1,8,"Chain_13_Gen_0_Cond_1_Source_8"
"171",13,0,1,7,"Chain_13_Gen_0_Cond_1_Source_7"
"172",13,0,2,3,"Chain_13_Gen_0_Cond_2_Source_3"
"173",13,0,2,10,"Chain_13_Gen_0_Cond_2_Source_10"
"174",13,0,2,5,"Chain_13_Gen_0_Cond_2_Source_5"
"175",13,0,3,1,"Chain_13_Gen_0_Cond_3_Source_1"
"176",13,0,3,4,"Chain_13_Gen_0_Cond_3_Source_4"
"177",13,0,3,11,"Chain_13_Gen_0_Cond_3_Source_11"
"178",13,0,4,6,"Chain_13_Gen_0_Cond_4_Source_6"
"179",13,0,4,9,"Chain_13_Gen_0_Cond_4_Source_9"
"180",13,0,4,12,"Chain_13_Gen_0_Cond_4_Source_12"
"181",13,1,1,2,"Chain_13_Gen_1_Cond_1_Source_2"
"182",13,1,1,8,"Chain_13_Gen_1_Cond_1_Source_8"
"183",13,1,1,7,"Chain_13_Gen_1_Cond_1_Source_7"
"184",13,1,2,3,"Chain_13_Gen_1_Cond_2_Source_3"
"185",13,1,2,10,"Chain_13_Gen_1_Cond_2_Source_10"
"186",13,1,2,5,"Chain_13_Gen_1_Cond_2_Source_5"
"187",13,1,3,1,"Chain_13_Gen_1_Cond_3_Source_1"
"188",13,1,3,4,"Chain_13_Gen_1_Cond_3_Source_4"
"189",13,1,3,11,"Chain_13_Gen_1_Cond_3_Source_11"
"190",13,1,4,6,"Chain_13_Gen_1_Cond_4_Source_6"
"191",13,1,4,9,"Chain_13_Gen_1_Cond_4_Source_9"
"192",13,1,4,12,"Chain_13_Gen_1_Cond_4_Source_12"
"193",13,2,1,2,"Chain_13_Gen_2_Cond_1_Source_2"
"194",13,2,1,8,"Chain_13_Gen_2_Cond_1_Source_8"
"195",13,2,1,7,"Chain_13_Gen_2_Cond_1_Source_7"
"196",13,2,2,3,"Chain_13_Gen_2_Cond_2_Source_3"
"197",13,2,2,10,"Chain_13_Gen_2_Cond_2_Source_10"
"198",13,2,2,5,"Chain_13_Gen_2_Cond_2_Source_5"
"199",13,2,3,1,"Chain_13_Gen_2_Cond_3_Source_1"
"200",13,2,3,4,"Chain_13_Gen_2_Cond_3_Source_4"
"201",13,2,3,11,"Chain_13_Gen_2_Cond_3_Source_11"
"202",13,2,4,6,"Chain_13_Gen_2_Cond_4_Source_6"
"203",13,2,4,9,"Chain_13_Gen_2_Cond_4_Source_9"
"204",13,2,4,12,"Chain_13_Gen_2_Cond_4_Source_12"
"205",13,3,1,2,"Chain_13_Gen_3_Cond_1_Source_2"
"206",13,3,1,8,"Chain_13_Gen_3_Cond_1_Source_8"
"207",13,3,1,7,"Chain_13_Gen_3_Cond_1_Source_7"
"208",13,3,2,3,"Chain_13_Gen_3_Cond_2_Source_3"
"209",13,3,2,10,"Chain_13_Gen_3_Cond_2_Source_10"
"210",13,3,2,5,"Chain_13_Gen_3_Cond_2_Source_5"
"211",13,3,3,1,"Chain_13_Gen_3_Cond_3_Source_1"
"212",13,3,3,4,"Chain_13_Gen_3_Cond_3_Source_4"
"213",13,3,3,11,"Chain_13_Gen_3_Cond_3_Source_11"
"214",13,3,4,6,"Chain_13_Gen_3_Cond_4_Source_6"
"215",13,3,4,9,"Chain_13_Gen_3_Cond_4_Source_9"
"216",13,3,4,12,"Chain_13_Gen_3_Cond_4_Source_12"
"217",13,4,1,2,"Chain_13_Gen_4_Cond_1_Source_2"
"218",13,4,1,8,"Chain_13_Gen_4_Cond_1_Source_8"
"219",13,4,1,7,"Chain_13_Gen_4_Cond_1_Source_7"
"220",13,4,2,3,"Chain_13_Gen_4_Cond_2_Source_3"
"221",13,4,2,10,"Chain_13_Gen_4_Cond_2_Source_10"
"222",13,4,2,5,"Chain_13_Gen_4_Cond_2_Source_5"
"223",13,4,3,1,"Chain_13_Gen_4_Cond_3_Source_1"
"224",13,4,3,4,"Chain_13_Gen_4_Cond_3_Source_4"
"225",13,4,3,11,"Chain_13_Gen_4_Cond_3_Source_11"
"226",13,4,4,6,"Chain_13_Gen_4_Cond_4_Source_6"
"227",13,4,4,9,"Chain_13_Gen_4_Cond_4_Source_9"
"228",13,4,4,12,"Chain_13_Gen_4_Cond_4_Source_12"
"229",13,5,1,2,"Chain_13_Gen_5_Cond_1_Source_2"
"230",13,5,1,8,"Chain_13_Gen_5_Cond_1_Source_8"
"231",13,5,1,7,"Chain_13_Gen_5_Cond_1_Source_7"
"232",13,5,2,3,"Chain_13_Gen_5_Cond_2_Source_3"
"233",13,5,2,10,"Chain_13_Gen_5_Cond_2_Source_10"
"234",13,5,2,5,"Chain_13_Gen_5_Cond_2_Source_5"
"235",13,5,3,1,"Chain_13_Gen_5_Cond_3_Source_1"
"236",13,5,3,4,"Chain_13_Gen_5_Cond_3_Source_4"
"237",13,5,3,11,"Chain_13_Gen_5_Cond_3_Source_11"
"238",13,5,4,6,"Chain_13_Gen_5_Cond_4_Source_6"
"239",13,5,4,9,"Chain_13_Gen_5_Cond_4_Source_9"
"240",13,5,4,12,"Chain_13_Gen_5_Cond_4_Source_12"
"241",13,6,1,2,"Chain_13_Gen_6_Cond_1_Source_2"
"242",13,6,1,8,"Chain_13_Gen_6_Cond_1_Source_8"
"243",13,6,1,7,"Chain_13_Gen_6_Cond_1_Source_7"
"244",13,6,2,3,"Chain_13_Gen_6_Cond_2_Source_3"
"245",13,6,2,10,"Chain_13_Gen_6_Cond_2_Source_10"
"246",13,6,2,5,"Chain_13_Gen_6_Cond_2_Source_5"
"247",13,6,3,1,"Chain_13_Gen_6_Cond_3_Source_1"
"248",13,6,3,4,"Chain_13_Gen_6_Cond_3_Source_4"
"249",13,6,3,11,"Chain_13_Gen_6_Cond_3_Source_11"
"250",13,6,4,6,"Chain_13_Gen_6_Cond_4_Source_6"
"251",13,6,4,9,"Chain_13_Gen_6_Cond_4_Source_9"
"252",13,6,4,12,"Chain_13_Gen_6_Cond_4_Source_12"
"253",14,0,1,2,"Chain_14_Gen_0_Cond_1_Source_2"
"254",14,0,1,1,"Chain_14_Gen_0_Cond_1_Source_1"
"255",14,0,1,8,"Chain_14_Gen_0_Cond_1_Source_8"
"256",14,0,2,12,"Chain_14_Gen_0_Cond_2_Source_12"
"257",14,0,2,10,"Chain_14_Gen_0_Cond_2_Source_10"
"258",14,0,2,9,"Chain_14_Gen_0_Cond_2_Source_9"
"259",14,0,3,7,"Chain_14_Gen_0_Cond_3_Source_7"
"260",14,0,3,5,"Chain_14_Gen_0_Cond_3_Source_5"
"261",14,0,3,11,"Chain_14_Gen_0_Cond_3_Source_11"
"262",14,0,4,6,"Chain_14_Gen_0_Cond_4_Source_6"
"263",14,0,4,4,"Chain_14_Gen_0_Cond_4_Source_4"
"264",14,0,4,3,"Chain_14_Gen_0_Cond_4_Source_3"
"265",14,1,1,2,"Chain_14_Gen_1_Cond_1_Source_2"
"266",14,1,1,1,"Chain_14_Gen_1_Cond_1_Source_1"
"267",14,1,1,8,"Chain_14_Gen_1_Cond_1_Source_8"
"268",14,1,2,12,"Chain_14_Gen_1_Cond_2_Source_12"
"269",14,1,2,10,"Chain_14_Gen_1_Cond_2_Source_10"
"270",14,1,2,9,"Chain_14_Gen_1_Cond_2_Source_9"
"271",14,1,3,7,"Chain_14_Gen_1_Cond_3_Source_7"
"272",14,1,3,5,"Chain_14_Gen_1_Cond_3_Source_5"
"273",14,1,3,11,"Chain_14_Gen_1_Cond_3_Source_11"
"274",14,1,4,6,"Chain_14_Gen_1_Cond_4_Source_6"
"275",14,1,4,4,"Chain_14_Gen_1_Cond_4_Source_4"
"276",14,1,4,3,"Chain_14_Gen_1_Cond_4_Source_3"
"277",14,2,1,2,"Chain_14_Gen_2_Cond_1_Source_2"
"278",14,2,1,1,"Chain_14_Gen_2_Cond_1_Source_1"
"279",14,2,1,8,"Chain_14_Gen_2_Cond_1_Source_8"
"280",14,2,2,12,"Chain_14_Gen_2_Cond_2_Source_12"
"281",14,2,2,10,"Chain_14_Gen_2_Cond_2_Source_10"
"282",14,2,2,9,"Chain_14_Gen_2_Cond_2_Source_9"
"283",14,2,3,7,"Chain_14_Gen_2_Cond_3_Source_7"
"284",14,2,3,5,"Chain_14_Gen_2_Cond_3_Source_5"
"285",14,2,3,11,"Chain_14_Gen_2_Cond_3_Source_11"
"286",14,2,4,6,"Chain_14_Gen_2_Cond_4_Source_6"
"287",14,2,4,4,"Chain_14_Gen_2_Cond_4_Source_4"
"288",14,2,4,3,"Chain_14_Gen_2_Cond_4_Source_3"
"289",14,3,1,2,"Chain_14_Gen_3_Cond_1_Source_2"
"290",14,3,1,1,"Chain_14_Gen_3_Cond_1_Source_1"
"291",14,3,1,8,"Chain_14_Gen_3_Cond_1_Source_8"
"292",14,3,2,12,"Chain_14_Gen_3_Cond_2_Source_12"
"293",14,3,2,10,"Chain_14_Gen_3_Cond_2_Source_10"
"294",14,3,2,9,"Chain_14_Gen_3_Cond_2_Source_9"
"295",14,3,3,7,"Chain_14_Gen_3_Cond_3_Source_7"
"296",14,3,3,5,"Chain_14_Gen_3_Cond_3_Source_5"
"297",14,3,3,11,"Chain_14_Gen_3_Cond_3_Source_11"
"298",14,3,4,6,"Chain_14_Gen_3_Cond_4_Source_6"
"299",14,3,4,4,"Chain_14_Gen_3_Cond_4_Source_4"
"300",14,3,4,3,"Chain_14_Gen_3_Cond_4_Source_3"
"301",14,4,1,2,"Chain_14_Gen_4_Cond_1_Source_2"
"302",14,4,1,1,"Chain_14_Gen_4_Cond_1_Source_1"
"303",14,4,1,8,"Chain_14_Gen_4_Cond_1_Source_8"
"304",14,4,2,12,"Chain_14_Gen_4_Cond_2_Source_12"
"305",14,4,2,10,"Chain_14_Gen_4_Cond_2_Source_10"
"306",14,4,2,9,"Chain_14_Gen_4_Cond_2_Source_9"
"307",14,4,3,7,"Chain_14_Gen_4_Cond_3_Source_7"
"308",14,4,3,5,"Chain_14_Gen_4_Cond_3_Source_5"
"309",14,4,3,11,"Chain_14_Gen_4_Cond_3_Source_11"
"310",14,4,4,6,"Chain_14_Gen_4_Cond_4_Source_6"
"311",14,4,4,4,"Chain_14_Gen_4_Cond_4_Source_4"
"312",14,4,4,3,"Chain_14_Gen_4_Cond_4_Source_3"
"313",14,5,1,2,"Chain_14_Gen_5_Cond_1_Source_2"
"314",14,5,1,1,"Chain_14_Gen_5_Cond_1_Source_1"
"315",14,5,1,8,"Chain_14_Gen_5_Cond_1_Source_8"
"316",14,5,2,12,"Chain_14_Gen_5_Cond_2_Source_12"
"317",14,5,2,10,"Chain_14_Gen_5_Cond_2_Source_10"
"318",14,5,2,9,"Chain_14_Gen_5_Cond_2_Source_9"
"319",14,5,3,7,"Chain_14_Gen_5_Cond_3_Source_7"
"320",14,5,3,5,"Chain_14_Gen_5_Cond_3_Source_5"
"321",14,5,3,11,"Chain_14_Gen_5_Cond_3_Source_11"
"322",14,5,4,6,"Chain_14_Gen_5_Cond_4_Source_6"
"323",14,5,4,4,"Chain_14_Gen_5_Cond_4_Source_4"
"324",14,5,4,3,"Chain_14_Gen_5_Cond_4_Source_3"
"325",14,6,1,2,"Chain_14_Gen_6_Cond_1_Source_2"
"326",14,6,1,1,"Chain_14_Gen_6_Cond_1_Source_1"
"327",14,6,1,8,"Chain_14_Gen_6_Cond_1_Source_8"
"328",14,6,2,12,"Chain_14_Gen_6_Cond_2_Source_12"
"329",14,6,2,10,"Chain_14_Gen_6_Cond_2_Source_10"
"330",14,6,2,9,"Chain_14_Gen_6_Cond_2_Source_9"
"331",14,6,3,7,"Chain_14_Gen_6_Cond_3_Source_7"
"332",14,6,3,5,"Chain_14_Gen_6_Cond_3_Source_5"
"333",14,6,3,11,"Chain_14_Gen_6_Cond_3_Source_11"
"334",14,6,4,6,"Chain_14_Gen_6_Cond_4_Source_6"
"335",14,6,4,4,"Chain_14_Gen_6_Cond_4_Source_4"
"336",14,6,4,3,"Chain_14_Gen_6_Cond_4_Source_3"
"337",15,0,1,11,"Chain_15_Gen_0_Cond_1_Source_11"
"338",15,0,1,9,"Chain_15_Gen_0_Cond_1_Source_9"
"339",15,0,1,1,"Chain_15_Gen_0_Cond_1_Source_1"
"340",15,0,2,5,"Chain_15_Gen_0_Cond_2_Source_5"
"341",15,0,2,2,"Chain_15_Gen_0_Cond_2_Source_2"
"342",15,0,2,4,"Chain_15_Gen_0_Cond_2_Source_4"
"343",15,0,3,6,"Chain_15_Gen_0_Cond_3_Source_6"
"344",15,0,3,8,"Chain_15_Gen_0_Cond_3_Source_8"
"345",15,0,3,7,"Chain_15_Gen_0_Cond_3_Source_7"
"346",15,0,4,10,"Chain_15_Gen_0_Cond_4_Source_10"
"347",15,0,4,12,"Chain_15_Gen_0_Cond_4_Source_12"
"348",15,0,4,3,"Chain_15_Gen_0_Cond_4_Source_3"
"349",15,1,1,11,"Chain_15_Gen_1_Cond_1_Source_11"
"350",15,1,1,9,"Chain_15_Gen_1_Cond_1_Source_9"
"351",15,1,1,1,"Chain_15_Gen_1_Cond_1_Source_1"
"352",15,1,2,5,"Chain_15_Gen_1_Cond_2_Source_5"
"353",15,1,2,2,"Chain_15_Gen_1_Cond_2_Source_2"
"354",15,1,2,4,"Chain_15_Gen_1_Cond_2_Source_4"
"355",15,1,3,6,"Chain_15_Gen_1_Cond_3_Source_6"
"356",15,1,3,8,"Chain_15_Gen_1_Cond_3_Source_8"
"357",15,1,3,7,"Chain_15_Gen_1_Cond_3_Source_7"
"358",15,1,4,10,"Chain_15_Gen_1_Cond_4_Source_10"
"359",15,1,4,12,"Chain_15_Gen_1_Cond_4_Source_12"
"360",15,1,4,3,"Chain_15_Gen_1_Cond_4_Source_3"
"361",15,2,1,11,"Chain_15_Gen_2_Cond_1_Source_11"
"362",15,2,1,9,"Chain_15_Gen_2_Cond_1_Source_9"
"363",15,2,1,1,"Chain_15_Gen_2_Cond_1_Source_1"
"364",15,2,2,5,"Chain_15_Gen_2_Cond_2_Source_5"
"365",15,2,2,2,"Chain_15_Gen_2_Cond_2_Source_2"
"366",15,2,2,4,"Chain_15_Gen_2_Cond_2_Source_4"
"367",15,2,3,6,"Chain_15_Gen_2_Cond_3_Source_6"
"368",15,2,3,8,"Chain_15_Gen_2_Cond_3_Source_8"
"369",15,2,3,7,"Chain_15_Gen_2_Cond_3_Source_7"
"370",15,2,4,10,"Chain_15_Gen_2_Cond_4_Source_10"
"371",15,2,4,12,"Chain_15_Gen_2_Cond_4_Source_12"
"372",15,2,4,3,"Chain_15_Gen_2_Cond_4_Source_3"
"373",15,3,1,11,"Chain_15_Gen_3_Cond_1_Source_11"
"374",15,3,1,9,"Chain_15_Gen_3_Cond_1_Source_9"
"375",15,3,1,1,"Chain_15_Gen_3_Cond_1_Source_1"
"376",15,3,2,5,"Chain_15_Gen_3_Cond_2_Source_5"
"377",15,3,2,2,"Chain_15_Gen_3_Cond_2_Source_2"
"378",15,3,2,4,"Chain_15_Gen_3_Cond_2_Source_4"
"379",15,3,3,6,"Chain_15_Gen_3_Cond_3_Source_6"
"380",15,3,3,8,"Chain_15_Gen_3_Cond_3_Source_8"
"381",15,3,3,7,"Chain_15_Gen_3_Cond_3_Source_7"
"382",15,3,4,10,"Chain_15_Gen_3_Cond_4_Source_10"
"383",15,3,4,12,"Chain_15_Gen_3_Cond_4_Source_12"
"384",15,3,4,3,"Chain_15_Gen_3_Cond_4_Source_3"
"385",15,4,1,11,"Chain_15_Gen_4_Cond_1_Source_11"
"386",15,4,1,9,"Chain_15_Gen_4_Cond_1_Source_9"
"387",15,4,1,1,"Chain_15_Gen_4_Cond_1_Source_1"
"388",15,4,2,5,"Chain_15_Gen_4_Cond_2_Source_5"
"389",15,4,2,2,"Chain_15_Gen_4_Cond_2_Source_2"
"390",15,4,2,4,"Chain_15_Gen_4_Cond_2_Source_4"
"391",15,4,3,6,"Chain_15_Gen_4_Cond_3_Source_6"
"392",15,4,3,8,"Chain_15_Gen_4_Cond_3_Source_8"
"393",15,4,3,7,"Chain_15_Gen_4_Cond_3_Source_7"
"394",15,4,4,10,"Chain_15_Gen_4_Cond_4_Source_10"
"395",15,4,4,12,"Chain_15_Gen_4_Cond_4_Source_12"
"396",15,4,4,3,"Chain_15_Gen_4_Cond_4_Source_3"
"397",15,5,1,11,"Chain_15_Gen_5_Cond_1_Source_11"
"398",15,5,1,9,"Chain_15_Gen_5_Cond_1_Source_9"
"399",15,5,1,1,"Chain_15_Gen_5_Cond_1_Source_1"
"400",15,5,2,5,"Chain_15_Gen_5_Cond_2_Source_5"
"401",15,5,2,2,"Chain_15_Gen_5_Cond_2_Source_2"
"402",15,5,2,4,"Chain_15_Gen_5_Cond_2_Source_4"
"403",15,5,3,6,"Chain_15_Gen_5_Cond_3_Source_6"
"404",15,5,3,8,"Chain_15_Gen_5_Cond_3_Source_8"
"405",15,5,3,7,"Chain_15_Gen_5_Cond_3_Source_7"
"406",15,5,4,10,"Chain_15_Gen_5_Cond_4_Source_10"
"407",15,5,4,12,"Chain_15_Gen_5_Cond_4_Source_12"
"408",15,5,4,3,"Chain_15_Gen_5_Cond_4_Source_3"
"409",15,6,1,11,"Chain_15_Gen_6_Cond_1_Source_11"
"410",15,6,1,9,"Chain_15_Gen_6_Cond_1_Source_9"
"411",15,6,1,1,"Chain_15_Gen_6_Cond_1_Source_1"
"412",15,6,2,5,"Chain_15_Gen_6_Cond_2_Source_5"
"413",15,6,2,2,"Chain_15_Gen_6_Cond_2_Source_2"
"414",15,6,2,4,"Chain_15_Gen_6_Cond_2_Source_4"
"415",15,6,3,6,"Chain_15_Gen_6_Cond_3_Source_6"
"416",15,6,3,8,"Chain_15_Gen_6_Cond_3_Source_8"
"417",15,6,3,7,"Chain_15_Gen_6_Cond_3_Source_7"
"418",15,6,4,10,"Chain_15_Gen_6_Cond_4_Source_10"
"419",15,6,4,12,"Chain_15_Gen_6_Cond_4_Source_12"
"420",15,6,4,3,"Chain_15_Gen_6_Cond_4_Source_3"
"421",16,0,1,11,"Chain_16_Gen_0_Cond_1_Source_11"
"422",16,0,1,7,"Chain_16_Gen_0_Cond_1_Source_7"
"423",16,0,1,2,"Chain_16_Gen_0_Cond_1_Source_2"
"424",16,0,2,1,"Chain_16_Gen_0_Cond_2_Source_1"
"425",16,0,2,6,"Chain_16_Gen_0_Cond_2_Source_6"
"426",16,0,2,10,"Chain_16_Gen_0_Cond_2_Source_10"
"427",16,0,3,5,"Chain_16_Gen_0_Cond_3_Source_5"
"428",16,0,3,3,"Chain_16_Gen_0_Cond_3_Source_3"
"429",16,0,3,8,"Chain_16_Gen_0_Cond_3_Source_8"
"430",16,0,4,4,"Chain_16_Gen_0_Cond_4_Source_4"
"431",16,0,4,12,"Chain_16_Gen_0_Cond_4_Source_12"
"432",16,0,4,9,"Chain_16_Gen_0_Cond_4_Source_9"
"433",16,1,1,11,"Chain_16_Gen_1_Cond_1_Source_11"
"434",16,1,1,7,"Chain_16_Gen_1_Cond_1_Source_7"
"435",16,1,1,2,"Chain_16_Gen_1_Cond_1_Source_2"
"436",16,1,2,1,"Chain_16_Gen_1_Cond_2_Source_1"
"437",16,1,2,6,"Chain_16_Gen_1_Cond_2_Source_6"
"438",16,1,2,10,"Chain_16_Gen_1_Cond_2_Source_10"
"439",16,1,3,5,"Chain_16_Gen_1_Cond_3_Source_5"
"440",16,1,3,3,"Chain_16_Gen_1_Cond_3_Source_3"
"441",16,1,3,8,"Chain_16_Gen_1_Cond_3_Source_8"
"442",16,1,4,4,"Chain_16_Gen_1_Cond_4_Source_4"
"443",16,1,4,12,"Chain_16_Gen_1_Cond_4_Source_12"
"444",16,1,4,9,"Chain_16_Gen_1_Cond_4_Source_9"
"445",16,2,1,11,"Chain_16_Gen_2_Cond_1_Source_11"
"446",16,2,1,7,"Chain_16_Gen_2_Cond_1_Source_7"
"447",16,2,1,2,"Chain_16_Gen_2_Cond_1_Source_2"
"448",16,2,2,1,"Chain_16_Gen_2_Cond_2_Source_1"
"449",16,2,2,6,"Chain_16_Gen_2_Cond_2_Source_6"
"450",16,2,2,10,"Chain_16_Gen_2_Cond_2_Source_10"
"451",16,2,3,5,"Chain_16_Gen_2_Cond_3_Source_5"
"452",16,2,3,3,"Chain_16_Gen_2_Cond_3_Source_3"
"453",16,2,3,8,"Chain_16_Gen_2_Cond_3_Source_8"
"454",16,2,4,4,"Chain_16_Gen_2_Cond_4_Source_4"
"455",16,2,4,12,"Chain_16_Gen_2_Cond_4_Source_12"
"456",16,2,4,9,"Chain_16_Gen_2_Cond_4_Source_9"
"457",16,3,1,11,"Chain_16_Gen_3_Cond_1_Source_11"
"458",16,3,1,7,"Chain_16_Gen_3_Cond_1_Source_7"
"459",16,3,1,2,"Chain_16_Gen_3_Cond_1_Source_2"
"460",16,3,2,1,"Chain_16_Gen_3_Cond_2_Source_1"
"461",16,3,2,6,"Chain_16_Gen_3_Cond_2_Source_6"
"462",16,3,2,10,"Chain_16_Gen_3_Cond_2_Source_10"
"463",16,3,3,5,"Chain_16_Gen_3_Cond_3_Source_5"
"464",16,3,3,3,"Chain_16_Gen_3_Cond_3_Source_3"
"465",16,3,3,8,"Chain_16_Gen_3_Cond_3_Source_8"
"466",16,3,4,4,"Chain_16_Gen_3_Cond_4_Source_4"
"467",16,3,4,12,"Chain_16_Gen_3_Cond_4_Source_12"
"468",16,3,4,9,"Chain_16_Gen_3_Cond_4_Source_9"
"469",16,4,1,11,"Chain_16_Gen_4_Cond_1_Source_11"
"470",16,4,1,7,"Chain_16_Gen_4_Cond_1_Source_7"
"471",16,4,1,2,"Chain_16_Gen_4_Cond_1_Source_2"
"472",16,4,2,1,"Chain_16_Gen_4_Cond_2_Source_1"
"473",16,4,2,6,"Chain_16_Gen_4_Cond_2_Source_6"
"474",16,4,2,10,"Chain_16_Gen_4_Cond_2_Source_10"
"475",16,4,3,5,"Chain_16_Gen_4_Cond_3_Source_5"
"476",16,4,3,3,"Chain_16_Gen_4_Cond_3_Source_3"
"477",16,4,3,8,"Chain_16_Gen_4_Cond_3_Source_8"
"478",16,4,4,4,"Chain_16_Gen_4_Cond_4_Source_4"
"479",16,4,4,12,"Chain_16_Gen_4_Cond_4_Source_12"
"480",16,4,4,9,"Chain_16_Gen_4_Cond_4_Source_9"
"481",16,5,1,11,"Chain_16_Gen_5_Cond_1_Source_11"
"482",16,5,1,7,"Chain_16_Gen_5_Cond_1_Source_7"
"483",16,5,1,2,"Chain_16_Gen_5_Cond_1_Source_2"
"484",16,5,2,1,"Chain_16_Gen_5_Cond_2_Source_1"
"485",16,5,2,6,"Chain_16_Gen_5_Cond_2_Source_6"
"486",16,5,2,10,"Chain_16_Gen_5_Cond_2_Source_10"
"487",16,5,3,5,"Chain_16_Gen_5_Cond_3_Source_5"
"488",16,5,3,3,"Chain_16_Gen_5_Cond_3_Source_3"
"489",16,5,3,8,"Chain_16_Gen_5_Cond_3_Source_8"
"490",16,5,4,4,"Chain_16_Gen_5_Cond_4_Source_4"
"491",16,5,4,12,"Chain_16_Gen_5_Cond_4_Source_12"
"492",16,5,4,9,"Chain_16_Gen_5_Cond_4_Source_9"
"493",16,6,1,11,"Chain_16_Gen_6_Cond_1_Source_11"
"494",16,6,1,7,"Chain_16_Gen_6_Cond_1_Source_7"
"495",16,6,1,2,"Chain_16_Gen_6_Cond_1_Source_2"
"496",16,6,2,1,"Chain_16_Gen_6_Cond_2_Source_1"
"497",16,6,2,6,"Chain_16_Gen_6_Cond_2_Source_6"
"498",16,6,2,10,"Chain_16_Gen_6_Cond_2_Source_10"
"499",16,6,3,5,"Chain_16_Gen_6_Cond_3_Source_5"
"500",16,6,3,3,"Chain_16_Gen_6_Cond_3_Source_3"
"501",16,6,3,8,"Chain_16_Gen_6_Cond_3_Source_8"
"502",16,6,4,4,"Chain_16_Gen_6_Cond_4_Source_4"
"503",16,6,4,12,"Chain_16_Gen_6_Cond_4_Source_12"
"504",16,6,4,9,"Chain_16_Gen_6_Cond_4_Source_9"
"505",17,0,1,1,"Chain_17_Gen_0_Cond_1_Source_1"
"506",17,0,1,6,"Chain_17_Gen_0_Cond_1_Source_6"
"507",17,0,1,3,"Chain_17_Gen_0_Cond_1_Source_3"
"508",17,0,2,5,"Chain_17_Gen_0_Cond_2_Source_5"
"509",17,0,2,8,"Chain_17_Gen_0_Cond_2_Source_8"
"510",17,0,2,11,"Chain_17_Gen_0_Cond_2_Source_11"
"511",17,0,3,10,"Chain_17_Gen_0_Cond_3_Source_10"
"512",17,0,3,4,"Chain_17_Gen_0_Cond_3_Source_4"
"513",17,0,3,12,"Chain_17_Gen_0_Cond_3_Source_12"
"514",17,0,4,7,"Chain_17_Gen_0_Cond_4_Source_7"
"515",17,0,4,9,"Chain_17_Gen_0_Cond_4_Source_9"
"516",17,0,4,2,"Chain_17_Gen_0_Cond_4_Source_2"
"517",17,1,1,1,"Chain_17_Gen_1_Cond_1_Source_1"
"518",17,1,1,6,"Chain_17_Gen_1_Cond_1_Source_6"
"519",17,1,1,3,"Chain_17_Gen_1_Cond_1_Source_3"
"520",17,1,2,5,"Chain_17_Gen_1_Cond_2_Source_5"
"521",17,1,2,8,"Chain_17_Gen_1_Cond_2_Source_8"
"522",17,1,2,11,"Chain_17_Gen_1_Cond_2_Source_11"
"523",17,1,3,10,"Chain_17_Gen_1_Cond_3_Source_10"
"524",17,1,3,4,"Chain_17_Gen_1_Cond_3_Source_4"
"525",17,1,3,12,"Chain_17_Gen_1_Cond_3_Source_12"
"526",17,1,4,7,"Chain_17_Gen_1_Cond_4_Source_7"
"527",17,1,4,9,"Chain_17_Gen_1_Cond_4_Source_9"
"528",17,1,4,2,"Chain_17_Gen_1_Cond_4_Source_2"
"529",17,2,1,1,"Chain_17_Gen_2_Cond_1_Source_1"
"530",17,2,1,6,"Chain_17_Gen_2_Cond_1_Source_6"
"531",17,2,1,3,"Chain_17_Gen_2_Cond_1_Source_3"
"532",17,2,2,5,"Chain_17_Gen_2_Cond_2_Source_5"
"533",17,2,2,8,"Chain_17_Gen_2_Cond_2_Source_8"
"534",17,2,2,11,"Chain_17_Gen_2_Cond_2_Source_11"
"535",17,2,3,10,"Chain_17_Gen_2_Cond_3_Source_10"
"536",17,2,3,4,"Chain_17_Gen_2_Cond_3_Source_4"
"537",17,2,3,12,"Chain_17_Gen_2_Cond_3_Source_12"
"538",17,2,4,7,"Chain_17_Gen_2_Cond_4_Source_7"
"539",17,2,4,9,"Chain_17_Gen_2_Cond_4_Source_9"
"540",17,2,4,2,"Chain_17_Gen_2_Cond_4_Source_2"
"541",17,3,1,1,"Chain_17_Gen_3_Cond_1_Source_1"
"542",17,3,1,6,"Chain_17_Gen_3_Cond_1_Source_6"
"543",17,3,1,3,"Chain_17_Gen_3_Cond_1_Source_3"
"544",17,3,2,5,"Chain_17_Gen_3_Cond_2_Source_5"
"545",17,3,2,8,"Chain_17_Gen_3_Cond_2_Source_8"
"546",17,3,2,11,"Chain_17_Gen_3_Cond_2_Source_11"
"547",17,3,3,10,"Chain_17_Gen_3_Cond_3_Source_10"
"548",17,3,3,4,"Chain_17_Gen_3_Cond_3_Source_4"
"549",17,3,3,12,"Chain_17_Gen_3_Cond_3_Source_12"
"550",17,3,4,7,"Chain_17_Gen_3_Cond_4_Source_7"
"551",17,3,4,9,"Chain_17_Gen_3_Cond_4_Source_9"
"552",17,3,4,2,"Chain_17_Gen_3_Cond_4_Source_2"
"553",17,4,1,1,"Chain_17_Gen_4_Cond_1_Source_1"
"554",17,4,1,6,"Chain_17_Gen_4_Cond_1_Source_6"
"555",17,4,1,3,"Chain_17_Gen_4_Cond_1_Source_3"
"556",17,4,2,5,"Chain_17_Gen_4_Cond_2_Source_5"
"557",17,4,2,8,"Chain_17_Gen_4_Cond_2_Source_8"
"558",17,4,2,11,"Chain_17_Gen_4_Cond_2_Source_11"
"559",17,4,3,10,"Chain_17_Gen_4_Cond_3_Source_10"
"560",17,4,3,4,"Chain_17_Gen_4_Cond_3_Source_4"
"561",17,4,3,12,"Chain_17_Gen_4_Cond_3_Source_12"
"562",17,4,4,7,"Chain_17_Gen_4_Cond_4_Source_7"
"563",17,4,4,9,"Chain_17_Gen_4_Cond_4_Source_9"
"564",17,4,4,2,"Chain_17_Gen_4_Cond_4_Source_2"
"565",17,5,1,1,"Chain_17_Gen_5_Cond_1_Source_1"
"566",17,5,1,6,"Chain_17_Gen_5_Cond_1_Source_6"
"567",17,5,1,3,"Chain_17_Gen_5_Cond_1_Source_3"
"568",17,5,2,5,"Chain_17_Gen_5_Cond_2_Source_5"
"569",17,5,2,8,"Chain_17_Gen_5_Cond_2_Source_8"
"570",17,5,2,11,"Chain_17_Gen_5_Cond_2_Source_11"
"571",17,5,3,10,"Chain_17_Gen_5_Cond_3_Source_10"
"572",17,5,3,4,"Chain_17_Gen_5_Cond_3_Source_4"
"573",17,5,3,12,"Chain_17_Gen_5_Cond_3_Source_12"
"574",17,5,4,7,"Chain_17_Gen_5_Cond_4_Source_7"
"575",17,5,4,9,"Chain_17_Gen_5_Cond_4_Source_9"
"576",17,5,4,2,"Chain_17_Gen_5_Cond_4_Source_2"
"577",17,6,1,1,"Chain_17_Gen_6_Cond_1_Source_1"
"578",17,6,1,6,"Chain_17_Gen_6_Cond_1_Source_6"
"579",17,6,1,3,"Chain_17_Gen_6_Cond_1_Source_3"
"580",17,6,2,5,"Chain_17_Gen_6_Cond_2_Source_5"
"581",17,6,2,8,"Chain_17_Gen_6_Cond_2_Source_8"
"582",17,6,2,11,"Chain_17_Gen_6_Cond_2_Source_11"
"583",17,6,3,10,"Chain_17_Gen_6_Cond_3_Source_10"
"584",17,6,3,4,"Chain_17_Gen_6_Cond_3_Source_4"
"585",17,6,3,12,"Chain_17_Gen_6_Cond_3_Source_12"
"586",17,6,4,7,"Chain_17_Gen_6_Cond_4_Source_7"
"587",17,6,4,9,"Chain_17_Gen_6_Cond_4_Source_9"
"588",17,6,4,2,"Chain_17_Gen_6_Cond_4_Source_2"
"589",18,0,1,8,"Chain_18_Gen_0_Cond_1_Source_8"
"590",18,0,1,11,"Chain_18_Gen_0_Cond_1_Source_11"
"591",18,0,1,4,"Chain_18_Gen_0_Cond_1_Source_4"
"592",18,0,2,1,"Chain_18_Gen_0_Cond_2_Source_1"
"593",18,0,2,12,"Chain_18_Gen_0_Cond_2_Source_12"
"594",18,0,2,6,"Chain_18_Gen_0_Cond_2_Source_6"
"595",18,0,3,2,"Chain_18_Gen_0_Cond_3_Source_2"
"596",18,0,3,5,"Chain_18_Gen_0_Cond_3_Source_5"
"597",18,0,3,9,"Chain_18_Gen_0_Cond_3_Source_9"
"598",18,0,4,10,"Chain_18_Gen_0_Cond_4_Source_10"
"599",18,0,4,7,"Chain_18_Gen_0_Cond_4_Source_7"
"600",18,0,4,3,"Chain_18_Gen_0_Cond_4_Source_3"
"601",18,1,1,8,"Chain_18_Gen_1_Cond_1_Source_8"
"602",18,1,1,11,"Chain_18_Gen_1_Cond_1_Source_11"
"603",18,1,1,4,"Chain_18_Gen_1_Cond_1_Source_4"
"604",18,1,2,1,"Chain_18_Gen_1_Cond_2_Source_1"
"605",18,1,2,12,"Chain_18_Gen_1_Cond_2_Source_12"
"606",18,1,2,6,"Chain_18_Gen_1_Cond_2_Source_6"
"607",18,1,3,2,"Chain_18_Gen_1_Cond_3_Source_2"
"608",18,1,3,5,"Chain_18_Gen_1_Cond_3_Source_5"
"609",18,1,3,9,"Chain_18_Gen_1_Cond_3_Source_9"
"610",18,1,4,10,"Chain_18_Gen_1_Cond_4_Source_10"
"611",18,1,4,7,"Chain_18_Gen_1_Cond_4_Source_7"
"612",18,1,4,3,"Chain_18_Gen_1_Cond_4_Source_3"
"613",18,2,1,8,"Chain_18_Gen_2_Cond_1_Source_8"
"614",18,2,1,11,"Chain_18_Gen_2_Cond_1_Source_11"
"615",18,2,1,4,"Chain_18_Gen_2_Cond_1_Source_4"
"616",18,2,2,1,"Chain_18_Gen_2_Cond_2_Source_1"
"617",18,2,2,12,"Chain_18_Gen_2_Cond_2_Source_12"
"618",18,2,2,6,"Chain_18_Gen_2_Cond_2_Source_6"
"619",18,2,3,2,"Chain_18_Gen_2_Cond_3_Source_2"
"620",18,2,3,5,"Chain_18_Gen_2_Cond_3_Source_5"
"621",18,2,3,9,"Chain_18_Gen_2_Cond_3_Source_9"
"622",18,2,4,10,"Chain_18_Gen_2_Cond_4_Source_10"
"623",18,2,4,7,"Chain_18_Gen_2_Cond_4_Source_7"
"624",18,2,4,3,"Chain_18_Gen_2_Cond_4_Source_3"
"625",18,3,1,8,"Chain_18_Gen_3_Cond_1_Source_8"
"626",18,3,1,11,"Chain_18_Gen_3_Cond_1_Source_11"
"627",18,3,1,4,"Chain_18_Gen_3_Cond_1_Source_4"
"628",18,3,2,1,"Chain_18_Gen_3_Cond_2_Source_1"
"629",18,3,2,12,"Chain_18_Gen_3_Cond_2_Source_12"
"630",18,3,2,6,"Chain_18_Gen_3_Cond_2_Source_6"
"631",18,3,3,2,"Chain_18_Gen_3_Cond_3_Source_2"
"632",18,3,3,5,"Chain_18_Gen_3_Cond_3_Source_5"
"633",18,3,3,9,"Chain_18_Gen_3_Cond_3_Source_9"
"634",18,3,4,10,"Chain_18_Gen_3_Cond_4_Source_10"
"635",18,3,4,7,"Chain_18_Gen_3_Cond_4_Source_7"
"636",18,3,4,3,"Chain_18_Gen_3_Cond_4_Source_3"
"637",18,4,1,8,"Chain_18_Gen_4_Cond_1_Source_8"
"638",18,4,1,11,"Chain_18_Gen_4_Cond_1_Source_11"
"639",18,4,1,4,"Chain_18_Gen_4_Cond_1_Source_4"
"640",18,4,2,1,"Chain_18_Gen_4_Cond_2_Source_1"
"641",18,4,2,12,"Chain_18_Gen_4_Cond_2_Source_12"
"642",18,4,2,6,"Chain_18_Gen_4_Cond_2_Source_6"
"643",18,4,3,2,"Chain_18_Gen_4_Cond_3_Source_2"
"644",18,4,3,5,"Chain_18_Gen_4_Cond_3_Source_5"
"645",18,4,3,9,"Chain_18_Gen_4_Cond_3_Source_9"
"646",18,4,4,10,"Chain_18_Gen_4_Cond_4_Source_10"
"647",18,4,4,7,"Chain_18_Gen_4_Cond_4_Source_7"
"648",18,4,4,3,"Chain_18_Gen_4_Cond_4_Source_3"
"649",18,5,1,8,"Chain_18_Gen_5_Cond_1_Source_8"
"650",18,5,1,11,"Chain_18_Gen_5_Cond_1_Source_11"
"651",18,5,1,4,"Chain_18_Gen_5_Cond_1_Source_4"
"652",18,5,2,1,"Chain_18_Gen_5_Cond_2_Source_1"
"653",18,5,2,12,"Chain_18_Gen_5_Cond_2_Source_12"
"654",18,5,2,6,"Chain_18_Gen_5_Cond_2_Source_6"
"655",18,5,3,2,"Chain_18_Gen_5_Cond_3_Source_2"
"656",18,5,3,5,"Chain_18_Gen_5_Cond_3_Source_5"
"657",18,5,3,9,"Chain_18_Gen_5_Cond_3_Source_9"
"658",18,5,4,10,"Chain_18_Gen_5_Cond_4_Source_10"
"659",18,5,4,7,"Chain_18_Gen_5_Cond_4_Source_7"
"660",18,5,4,3,"Chain_18_Gen_5_Cond_4_Source_3"
"661",18,6,1,8,"Chain_18_Gen_6_Cond_1_Source_8"
"662",18,6,1,11,"Chain_18_Gen_6_Cond_1_Source_11"
"663",18,6,1,4,"Chain_18_Gen_6_Cond_1_Source_4"
"664",18,6,2,1,"Chain_18_Gen_6_Cond_2_Source_1"
"665",18,6,2,12,"Chain_18_Gen_6_Cond_2_Source_12"
"666",18,6,2,6,"Chain_18_Gen_6_Cond_2_Source_6"
"667",18,6,3,2,"Chain_18_Gen_6_Cond_3_Source_2"
"668",18,6,3,5,"Chain_18_Gen_6_Cond_3_Source_5"
"669",18,6,3,9,"Chain_18_Gen_6_Cond_3_Source_9"
"670",18,6,4,10,"Chain_18_Gen_6_Cond_4_Source_10"
"671",18,6,4,7,"Chain_18_Gen_6_Cond_4_Source_7"
"672",18,6,4,3,"Chain_18_Gen_6_Cond_4_Source_3"
"673",19,0,1,10,"Chain_19_Gen_0_Cond_1_Source_10"
"674",19,0,1,7,"Chain_19_Gen_0_Cond_1_Source_7"
"675",19,0,1,6,"Chain_19_Gen_0_Cond_1_Source_6"
"676",19,0,2,2,"Chain_19_Gen_0_Cond_2_Source_2"
"677",19,0,2,11,"Chain_19_Gen_0_Cond_2_Source_11"
"678",19,0,2,4,"Chain_19_Gen_0_Cond_2_Source_4"
"679",19,0,3,12,"Chain_19_Gen_0_Cond_3_Source_12"
"680",19,0,3,5,"Chain_19_Gen_0_Cond_3_Source_5"
"681",19,0,3,8,"Chain_19_Gen_0_Cond_3_Source_8"
"682",19,0,4,1,"Chain_19_Gen_0_Cond_4_Source_1"
"683",19,0,4,9,"Chain_19_Gen_0_Cond_4_Source_9"
"684",19,0,4,3,"Chain_19_Gen_0_Cond_4_Source_3"
"685",19,1,1,10,"Chain_19_Gen_1_Cond_1_Source_10"
"686",19,1,1,7,"Chain_19_Gen_1_Cond_1_Source_7"
"687",19,1,1,6,"Chain_19_Gen_1_Cond_1_Source_6"
"688",19,1,2,2,"Chain_19_Gen_1_Cond_2_Source_2"
"689",19,1,2,11,"Chain_19_Gen_1_Cond_2_Source_11"
"690",19,1,2,4,"Chain_19_Gen_1_Cond_2_Source_4"
"691",19,1,3,12,"Chain_19_Gen_1_Cond_3_Source_12"
"692",19,1,3,5,"Chain_19_Gen_1_Cond_3_Source_5"
"693",19,1,3,8,"Chain_19_Gen_1_Cond_3_Source_8"
"694",19,1,4,1,"Chain_19_Gen_1_Cond_4_Source_1"
"695",19,1,4,9,"Chain_19_Gen_1_Cond_4_Source_9"
"696",19,1,4,3,"Chain_19_Gen_1_Cond_4_Source_3"
"697",19,2,1,10,"Chain_19_Gen_2_Cond_1_Source_10"
"698",19,2,1,7,"Chain_19_Gen_2_Cond_1_Source_7"
"699",19,2,1,6,"Chain_19_Gen_2_Cond_1_Source_6"
"700",19,2,2,2,"Chain_19_Gen_2_Cond_2_Source_2"
"701",19,2,2,11,"Chain_19_Gen_2_Cond_2_Source_11"
"702",19,2,2,4,"Chain_19_Gen_2_Cond_2_Source_4"
"703",19,2,3,12,"Chain_19_Gen_2_Cond_3_Source_12"
"704",19,2,3,5,"Chain_19_Gen_2_Cond_3_Source_5"
"705",19,2,3,8,"Chain_19_Gen_2_Cond_3_Source_8"
"706",19,2,4,1,"Chain_19_Gen_2_Cond_4_Source_1"
"707",19,2,4,9,"Chain_19_Gen_2_Cond_4_Source_9"
"708",19,2,4,3,"Chain_19_Gen_2_Cond_4_Source_3"
"709",19,3,1,10,"Chain_19_Gen_3_Cond_1_Source_10"
"710",19,3,1,7,"Chain_19_Gen_3_Cond_1_Source_7"
"711",19,3,1,6,"Chain_19_Gen_3_Cond_1_Source_6"
"712",19,3,2,2,"Chain_19_Gen_3_Cond_2_Source_2"
"713",19,3,2,11,"Chain_19_Gen_3_Cond_2_Source_11"
"714",19,3,2,4,"Chain_19_Gen_3_Cond_2_Source_4"
"715",19,3,3,12,"Chain_19_Gen_3_Cond_3_Source_12"
"716",19,3,3,5,"Chain_19_Gen_3_Cond_3_Source_5"
"717",19,3,3,8,"Chain_19_Gen_3_Cond_3_Source_8"
"718",19,3,4,1,"Chain_19_Gen_3_Cond_4_Source_1"
"719",19,3,4,9,"Chain_19_Gen_3_Cond_4_Source_9"
"720",19,3,4,3,"Chain_19_Gen_3_Cond_4_Source_3"
"721",19,4,1,10,"Chain_19_Gen_4_Cond_1_Source_10"
"722",19,4,1,7,"Chain_19_Gen_4_Cond_1_Source_7"
"723",19,4,1,6,"Chain_19_Gen_4_Cond_1_Source_6"
"724",19,4,2,2,"Chain_19_Gen_4_Cond_2_Source_2"
"725",19,4,2,11,"Chain_19_Gen_4_Cond_2_Source_11"
"726",19,4,2,4,"Chain_19_Gen_4_Cond_2_Source_4"
"727",19,4,3,12,"Chain_19_Gen_4_Cond_3_Source_12"
"728",19,4,3,5,"Chain_19_Gen_4_Cond_3_Source_5"
"729",19,4,3,8,"Chain_19_Gen_4_Cond_3_Source_8"
"730",19,4,4,1,"Chain_19_Gen_4_Cond_4_Source_1"
"731",19,4,4,9,"Chain_19_Gen_4_Cond_4_Source_9"
"732",19,4,4,3,"Chain_19_Gen_4_Cond_4_Source_3"
"733",19,5,1,10,"Chain_19_Gen_5_Cond_1_Source_10"
"734",19,5,1,7,"Chain_19_Gen_5_Cond_1_Source_7"
"735",19,5,1,6,"Chain_19_Gen_5_Cond_1_Source_6"
"736",19,5,2,2,"Chain_19_Gen_5_Cond_2_Source_2"
"737",19,5,2,11,"Chain_19_Gen_5_Cond_2_Source_11"
"738",19,5,2,4,"Chain_19_Gen_5_Cond_2_Source_4"
"739",19,5,3,12,"Chain_19_Gen_5_Cond_3_Source_12"
"740",19,5,3,5,"Chain_19_Gen_5_Cond_3_Source_5"
"741",19,5,3,8,"Chain_19_Gen_5_Cond_3_Source_8"
"742",19,5,4,1,"Chain_19_Gen_5_Cond_4_Source_1"
"743",19,5,4,9,"Chain_19_Gen_5_Cond_4_Source_9"
"744",19,5,4,3,"Chain_19_Gen_5_Cond_4_Source_3"
"745",19,6,1,10,"Chain_19_Gen_6_Cond_1_Source_10"
"746",19,6,1,7,"Chain_19_Gen_6_Cond_1_Source_7"
"747",19,6,1,6,"Chain_19_Gen_6_Cond_1_Source_6"
"748",19,6,2,2,"Chain_19_Gen_6_Cond_2_Source_2"
"749",19,6,2,11,"Chain_19_Gen_6_Cond_2_Source_11"
"750",19,6,2,4,"Chain_19_Gen_6_Cond_2_Source_4"
"751",19,6,3,12,"Chain_19_Gen_6_Cond_3_Source_12"
"752",19,6,3,5,"Chain_19_Gen_6_Cond_3_Source_5"
"753",19,6,3,8,"Chain_19_Gen_6_Cond_3_Source_8"
"754",19,6,4,1,"Chain_19_Gen_6_Cond_4_Source_1"
"755",19,6,4,9,"Chain_19_Gen_6_Cond_4_Source_9"
"756",19,6,4,3,"Chain_19_Gen_6_Cond_4_Source_3"
"757",2,0,1,10,"Chain_2_Gen_0_Cond_1_Source_10"
"758",2,0,1,9,"Chain_2_Gen_0_Cond_1_Source_9"
"759",2,0,1,1,"Chain_2_Gen_0_Cond_1_Source_1"
"760",2,0,2,3,"Chain_2_Gen_0_Cond_2_Source_3"
"761",2,0,2,8,"Chain_2_Gen_0_Cond_2_Source_8"
"762",2,0,2,7,"Chain_2_Gen_0_Cond_2_Source_7"
"763",2,0,3,4,"Chain_2_Gen_0_Cond_3_Source_4"
"764",2,0,3,5,"Chain_2_Gen_0_Cond_3_Source_5"
"765",2,0,3,11,"Chain_2_Gen_0_Cond_3_Source_11"
"766",2,0,4,6,"Chain_2_Gen_0_Cond_4_Source_6"
"767",2,0,4,12,"Chain_2_Gen_0_Cond_4_Source_12"
"768",2,0,4,2,"Chain_2_Gen_0_Cond_4_Source_2"
"769",2,1,1,10,"Chain_2_Gen_1_Cond_1_Source_10"
"770",2,1,1,9,"Chain_2_Gen_1_Cond_1_Source_9"
"771",2,1,1,1,"Chain_2_Gen_1_Cond_1_Source_1"
"772",2,1,2,3,"Chain_2_Gen_1_Cond_2_Source_3"
"773",2,1,2,8,"Chain_2_Gen_1_Cond_2_Source_8"
"774",2,1,2,7,"Chain_2_Gen_1_Cond_2_Source_7"
"775",2,1,3,4,"Chain_2_Gen_1_Cond_3_Source_4"
"776",2,1,3,5,"Chain_2_Gen_1_Cond_3_Source_5"
"777",2,1,3,11,"Chain_2_Gen_1_Cond_3_Source_11"
"778",2,1,4,6,"Chain_2_Gen_1_Cond_4_Source_6"
"779",2,1,4,12,"Chain_2_Gen_1_Cond_4_Source_12"
"780",2,1,4,2,"Chain_2_Gen_1_Cond_4_Source_2"
"781",2,2,1,10,"Chain_2_Gen_2_Cond_1_Source_10"
"782",2,2,1,9,"Chain_2_Gen_2_Cond_1_Source_9"
"783",2,2,1,1,"Chain_2_Gen_2_Cond_1_Source_1"
"784",2,2,2,3,"Chain_2_Gen_2_Cond_2_Source_3"
"785",2,2,2,8,"Chain_2_Gen_2_Cond_2_Source_8"
"786",2,2,2,7,"Chain_2_Gen_2_Cond_2_Source_7"
"787",2,2,3,4,"Chain_2_Gen_2_Cond_3_Source_4"
"788",2,2,3,5,"Chain_2_Gen_2_Cond_3_Source_5"
"789",2,2,3,11,"Chain_2_Gen_2_Cond_3_Source_11"
"790",2,2,4,6,"Chain_2_Gen_2_Cond_4_Source_6"
"791",2,2,4,12,"Chain_2_Gen_2_Cond_4_Source_12"
"792",2,2,4,2,"Chain_2_Gen_2_Cond_4_Source_2"
"793",2,3,1,10,"Chain_2_Gen_3_Cond_1_Source_10"
"794",2,3,1,9,"Chain_2_Gen_3_Cond_1_Source_9"
"795",2,3,1,1,"Chain_2_Gen_3_Cond_1_Source_1"
"796",2,3,2,3,"Chain_2_Gen_3_Cond_2_Source_3"
"797",2,3,2,8,"Chain_2_Gen_3_Cond_2_Source_8"
"798",2,3,2,7,"Chain_2_Gen_3_Cond_2_Source_7"
"799",2,3,3,4,"Chain_2_Gen_3_Cond_3_Source_4"
"800",2,3,3,5,"Chain_2_Gen_3_Cond_3_Source_5"
"801",2,3,3,11,"Chain_2_Gen_3_Cond_3_Source_11"
"802",2,3,4,6,"Chain_2_Gen_3_Cond_4_Source_6"
"803",2,3,4,12,"Chain_2_Gen_3_Cond_4_Source_12"
"804",2,3,4,2,"Chain_2_Gen_3_Cond_4_Source_2"
"805",2,4,1,10,"Chain_2_Gen_4_Cond_1_Source_10"
"806",2,4,1,9,"Chain_2_Gen_4_Cond_1_Source_9"
"807",2,4,1,1,"Chain_2_Gen_4_Cond_1_Source_1"
"808",2,4,2,3,"Chain_2_Gen_4_Cond_2_Source_3"
"809",2,4,2,8,"Chain_2_Gen_4_Cond_2_Source_8"
"810",2,4,2,7,"Chain_2_Gen_4_Cond_2_Source_7"
"811",2,4,3,4,"Chain_2_Gen_4_Cond_3_Source_4"
"812",2,4,3,5,"Chain_2_Gen_4_Cond_3_Source_5"
"813",2,4,3,11,"Chain_2_Gen_4_Cond_3_Source_11"
"814",2,4,4,6,"Chain_2_Gen_4_Cond_4_Source_6"
"815",2,4,4,12,"Chain_2_Gen_4_Cond_4_Source_12"
"816",2,4,4,2,"Chain_2_Gen_4_Cond_4_Source_2"
"817",2,5,1,10,"Chain_2_Gen_5_Cond_1_Source_10"
"818",2,5,1,9,"Chain_2_Gen_5_Cond_1_Source_9"
"819",2,5,1,1,"Chain_2_Gen_5_Cond_1_Source_1"
"820",2,5,2,3,"Chain_2_Gen_5_Cond_2_Source_3"
"821",2,5,2,8,"Chain_2_Gen_5_Cond_2_Source_8"
"822",2,5,2,7,"Chain_2_Gen_5_Cond_2_Source_7"
"823",2,5,3,4,"Chain_2_Gen_5_Cond_3_Source_4"
"824",2,5,3,5,"Chain_2_Gen_5_Cond_3_Source_5"
"825",2,5,3,11,"Chain_2_Gen_5_Cond_3_Source_11"
"826",2,5,4,6,"Chain_2_Gen_5_Cond_4_Source_6"
"827",2,5,4,12,"Chain_2_Gen_5_Cond_4_Source_12"
"828",2,5,4,2,"Chain_2_Gen_5_Cond_4_Source_2"
"829",2,6,1,10,"Chain_2_Gen_6_Cond_1_Source_10"
"830",2,6,1,9,"Chain_2_Gen_6_Cond_1_Source_9"
"831",2,6,1,1,"Chain_2_Gen_6_Cond_1_Source_1"
"832",2,6,2,3,"Chain_2_Gen_6_Cond_2_Source_3"
"833",2,6,2,8,"Chain_2_Gen_6_Cond_2_Source_8"
"834",2,6,2,7,"Chain_2_Gen_6_Cond_2_Source_7"
"835",2,6,3,4,"Chain_2_Gen_6_Cond_3_Source_4"
"836",2,6,3,5,"Chain_2_Gen_6_Cond_3_Source_5"
"837",2,6,3,11,"Chain_2_Gen_6_Cond_3_Source_11"
"838",2,6,4,6,"Chain_2_Gen_6_Cond_4_Source_6"
"839",2,6,4,12,"Chain_2_Gen_6_Cond_4_Source_12"
"840",2,6,4,2,"Chain_2_Gen_6_Cond_4_Source_2"
"841",20,0,1,4,"Chain_20_Gen_0_Cond_1_Source_4"
"842",20,0,1,10,"Chain_20_Gen_0_Cond_1_Source_10"
"843",20,0,1,12,"Chain_20_Gen_0_Cond_1_Source_12"
"844",20,0,2,1,"Chain_20_Gen_0_Cond_2_Source_1"
"845",20,0,2,7,"Chain_20_Gen_0_Cond_2_Source_7"
"846",20,0,2,11,"Chain_20_Gen_0_Cond_2_Source_11"
"847",20,0,3,5,"Chain_20_Gen_0_Cond_3_Source_5"
"848",20,0,3,2,"Chain_20_Gen_0_Cond_3_Source_2"
"849",20,0,3,3,"Chain_20_Gen_0_Cond_3_Source_3"
"850",20,0,4,6,"Chain_20_Gen_0_Cond_4_Source_6"
"851",20,0,4,8,"Chain_20_Gen_0_Cond_4_Source_8"
"852",20,0,4,9,"Chain_20_Gen_0_Cond_4_Source_9"
"853",20,1,1,4,"Chain_20_Gen_1_Cond_1_Source_4"
"854",20,1,1,10,"Chain_20_Gen_1_Cond_1_Source_10"
"855",20,1,1,12,"Chain_20_Gen_1_Cond_1_Source_12"
"856",20,1,2,1,"Chain_20_Gen_1_Cond_2_Source_1"
"857",20,1,2,7,"Chain_20_Gen_1_Cond_2_Source_7"
"858",20,1,2,11,"Chain_20_Gen_1_Cond_2_Source_11"
"859",20,1,3,5,"Chain_20_Gen_1_Cond_3_Source_5"
"860",20,1,3,2,"Chain_20_Gen_1_Cond_3_Source_2"
"861",20,1,3,3,"Chain_20_Gen_1_Cond_3_Source_3"
"862",20,1,4,6,"Chain_20_Gen_1_Cond_4_Source_6"
"863",20,1,4,8,"Chain_20_Gen_1_Cond_4_Source_8"
"864",20,1,4,9,"Chain_20_Gen_1_Cond_4_Source_9"
"865",20,2,1,4,"Chain_20_Gen_2_Cond_1_Source_4"
"866",20,2,1,10,"Chain_20_Gen_2_Cond_1_Source_10"
"867",20,2,1,12,"Chain_20_Gen_2_Cond_1_Source_12"
"868",20,2,2,1,"Chain_20_Gen_2_Cond_2_Source_1"
"869",20,2,2,7,"Chain_20_Gen_2_Cond_2_Source_7"
"870",20,2,2,11,"Chain_20_Gen_2_Cond_2_Source_11"
"871",20,2,3,5,"Chain_20_Gen_2_Cond_3_Source_5"
"872",20,2,3,2,"Chain_20_Gen_2_Cond_3_Source_2"
"873",20,2,3,3,"Chain_20_Gen_2_Cond_3_Source_3"
"874",20,2,4,6,"Chain_20_Gen_2_Cond_4_Source_6"
"875",20,2,4,8,"Chain_20_Gen_2_Cond_4_Source_8"
"876",20,2,4,9,"Chain_20_Gen_2_Cond_4_Source_9"
"877",20,3,1,4,"Chain_20_Gen_3_Cond_1_Source_4"
"878",20,3,1,10,"Chain_20_Gen_3_Cond_1_Source_10"
"879",20,3,1,12,"Chain_20_Gen_3_Cond_1_Source_12"
"880",20,3,2,1,"Chain_20_Gen_3_Cond_2_Source_1"
"881",20,3,2,7,"Chain_20_Gen_3_Cond_2_Source_7"
"882",20,3,2,11,"Chain_20_Gen_3_Cond_2_Source_11"
"883",20,3,3,5,"Chain_20_Gen_3_Cond_3_Source_5"
"884",20,3,3,2,"Chain_20_Gen_3_Cond_3_Source_2"
"885",20,3,3,3,"Chain_20_Gen_3_Cond_3_Source_3"
"886",20,3,4,6,"Chain_20_Gen_3_Cond_4_Source_6"
"887",20,3,4,8,"Chain_20_Gen_3_Cond_4_Source_8"
"888",20,3,4,9,"Chain_20_Gen_3_Cond_4_Source_9"
"889",20,4,1,4,"Chain_20_Gen_4_Cond_1_Source_4"
"890",20,4,1,10,"Chain_20_Gen_4_Cond_1_Source_10"
"891",20,4,1,12,"Chain_20_Gen_4_Cond_1_Source_12"
"892",20,4,2,1,"Chain_20_Gen_4_Cond_2_Source_1"
"893",20,4,2,7,"Chain_20_Gen_4_Cond_2_Source_7"
"894",20,4,2,11,"Chain_20_Gen_4_Cond_2_Source_11"
"895",20,4,3,5,"Chain_20_Gen_4_Cond_3_Source_5"
"896",20,4,3,2,"Chain_20_Gen_4_Cond_3_Source_2"
"897",20,4,3,3,"Chain_20_Gen_4_Cond_3_Source_3"
"898",20,4,4,6,"Chain_20_Gen_4_Cond_4_Source_6"
"899",20,4,4,8,"Chain_20_Gen_4_Cond_4_Source_8"
"900",20,4,4,9,"Chain_20_Gen_4_Cond_4_Source_9"
"901",20,5,1,4,"Chain_20_Gen_5_Cond_1_Source_4"
"902",20,5,1,10,"Chain_20_Gen_5_Cond_1_Source_10"
"903",20,5,1,12,"Chain_20_Gen_5_Cond_1_Source_12"
"904",20,5,2,1,"Chain_20_Gen_5_Cond_2_Source_1"
"905",20,5,2,7,"Chain_20_Gen_5_Cond_2_Source_7"
"906",20,5,2,11,"Chain_20_Gen_5_Cond_2_Source_11"
"907",20,5,3,5,"Chain_20_Gen_5_Cond_3_Source_5"
"908",20,5,3,2,"Chain_20_Gen_5_Cond_3_Source_2"
"909",20,5,3,3,"Chain_20_Gen_5_Cond_3_Source_3"
"910",20,5,4,6,"Chain_20_Gen_5_Cond_4_Source_6"
"911",20,5,4,8,"Chain_20_Gen_5_Cond_4_Source_8"
"912",20,5,4,9,"Chain_20_Gen_5_Cond_4_Source_9"
"913",20,6,1,4,"Chain_20_Gen_6_Cond_1_Source_4"
"914",20,6,1,10,"Chain_20_Gen_6_Cond_1_Source_10"
"915",20,6,1,12,"Chain_20_Gen_6_Cond_1_Source_12"
"916",20,6,2,1,"Chain_20_Gen_6_Cond_2_Source_1"
"917",20,6,2,7,"Chain_20_Gen_6_Cond_2_Source_7"
"918",20,6,2,11,"Chain_20_Gen_6_Cond_2_Source_11"
"919",20,6,3,5,"Chain_20_Gen_6_Cond_3_Source_5"
"920",20,6,3,2,"Chain_20_Gen_6_Cond_3_Source_2"
"921",20,6,3,3,"Chain_20_Gen_6_Cond_3_Source_3"
"922",20,6,4,6,"Chain_20_Gen_6_Cond_4_Source_6"
"923",20,6,4,8,"Chain_20_Gen_6_Cond_4_Source_8"
"924",20,6,4,9,"Chain_20_Gen_6_Cond_4_Source_9"
"925",21,0,1,3,"Chain_21_Gen_0_Cond_1_Source_3"
"926",21,0,1,10,"Chain_21_Gen_0_Cond_1_Source_10"
"927",21,0,1,5,"Chain_21_Gen_0_Cond_1_Source_5"
"928",21,0,2,6,"Chain_21_Gen_0_Cond_2_Source_6"
"929",21,0,2,2,"Chain_21_Gen_0_Cond_2_Source_2"
"930",21,0,2,11,"Chain_21_Gen_0_Cond_2_Source_11"
"931",21,0,3,9,"Chain_21_Gen_0_Cond_3_Source_9"
"932",21,0,3,1,"Chain_21_Gen_0_Cond_3_Source_1"
"933",21,0,3,8,"Chain_21_Gen_0_Cond_3_Source_8"
"934",21,0,4,7,"Chain_21_Gen_0_Cond_4_Source_7"
"935",21,0,4,12,"Chain_21_Gen_0_Cond_4_Source_12"
"936",21,0,4,4,"Chain_21_Gen_0_Cond_4_Source_4"
"937",21,1,1,3,"Chain_21_Gen_1_Cond_1_Source_3"
"938",21,1,1,10,"Chain_21_Gen_1_Cond_1_Source_10"
"939",21,1,1,5,"Chain_21_Gen_1_Cond_1_Source_5"
"940",21,1,2,6,"Chain_21_Gen_1_Cond_2_Source_6"
"941",21,1,2,2,"Chain_21_Gen_1_Cond_2_Source_2"
"942",21,1,2,11,"Chain_21_Gen_1_Cond_2_Source_11"
"943",21,1,3,9,"Chain_21_Gen_1_Cond_3_Source_9"
"944",21,1,3,1,"Chain_21_Gen_1_Cond_3_Source_1"
"945",21,1,3,8,"Chain_21_Gen_1_Cond_3_Source_8"
"946",21,1,4,7,"Chain_21_Gen_1_Cond_4_Source_7"
"947",21,1,4,12,"Chain_21_Gen_1_Cond_4_Source_12"
"948",21,1,4,4,"Chain_21_Gen_1_Cond_4_Source_4"
"949",21,2,1,3,"Chain_21_Gen_2_Cond_1_Source_3"
"950",21,2,1,10,"Chain_21_Gen_2_Cond_1_Source_10"
"951",21,2,1,5,"Chain_21_Gen_2_Cond_1_Source_5"
"952",21,2,2,6,"Chain_21_Gen_2_Cond_2_Source_6"
"953",21,2,2,2,"Chain_21_Gen_2_Cond_2_Source_2"
"954",21,2,2,11,"Chain_21_Gen_2_Cond_2_Source_11"
"955",21,2,3,9,"Chain_21_Gen_2_Cond_3_Source_9"
"956",21,2,3,1,"Chain_21_Gen_2_Cond_3_Source_1"
"957",21,2,3,8,"Chain_21_Gen_2_Cond_3_Source_8"
"958",21,2,4,7,"Chain_21_Gen_2_Cond_4_Source_7"
"959",21,2,4,12,"Chain_21_Gen_2_Cond_4_Source_12"
"960",21,2,4,4,"Chain_21_Gen_2_Cond_4_Source_4"
"961",21,3,1,3,"Chain_21_Gen_3_Cond_1_Source_3"
"962",21,3,1,10,"Chain_21_Gen_3_Cond_1_Source_10"
"963",21,3,1,5,"Chain_21_Gen_3_Cond_1_Source_5"
"964",21,3,2,6,"Chain_21_Gen_3_Cond_2_Source_6"
"965",21,3,2,2,"Chain_21_Gen_3_Cond_2_Source_2"
"966",21,3,2,11,"Chain_21_Gen_3_Cond_2_Source_11"
"967",21,3,3,9,"Chain_21_Gen_3_Cond_3_Source_9"
"968",21,3,3,1,"Chain_21_Gen_3_Cond_3_Source_1"
"969",21,3,3,8,"Chain_21_Gen_3_Cond_3_Source_8"
"970",21,3,4,7,"Chain_21_Gen_3_Cond_4_Source_7"
"971",21,3,4,12,"Chain_21_Gen_3_Cond_4_Source_12"
"972",21,3,4,4,"Chain_21_Gen_3_Cond_4_Source_4"
"973",21,4,1,3,"Chain_21_Gen_4_Cond_1_Source_3"
"974",21,4,1,10,"Chain_21_Gen_4_Cond_1_Source_10"
"975",21,4,1,5,"Chain_21_Gen_4_Cond_1_Source_5"
"976",21,4,2,6,"Chain_21_Gen_4_Cond_2_Source_6"
"977",21,4,2,2,"Chain_21_Gen_4_Cond_2_Source_2"
"978",21,4,2,11,"Chain_21_Gen_4_Cond_2_Source_11"
"979",21,4,3,9,"Chain_21_Gen_4_Cond_3_Source_9"
"980",21,4,3,1,"Chain_21_Gen_4_Cond_3_Source_1"
"981",21,4,3,8,"Chain_21_Gen_4_Cond_3_Source_8"
"982",21,4,4,7,"Chain_21_Gen_4_Cond_4_Source_7"
"983",21,4,4,12,"Chain_21_Gen_4_Cond_4_Source_12"
"984",21,4,4,4,"Chain_21_Gen_4_Cond_4_Source_4"
"985",21,5,1,3,"Chain_21_Gen_5_Cond_1_Source_3"
"986",21,5,1,10,"Chain_21_Gen_5_Cond_1_Source_10"
"987",21,5,1,5,"Chain_21_Gen_5_Cond_1_Source_5"
"988",21,5,2,6,"Chain_21_Gen_5_Cond_2_Source_6"
"989",21,5,2,2,"Chain_21_Gen_5_Cond_2_Source_2"
"990",21,5,2,11,"Chain_21_Gen_5_Cond_2_Source_11"
"991",21,5,3,9,"Chain_21_Gen_5_Cond_3_Source_9"
"992",21,5,3,1,"Chain_21_Gen_5_Cond_3_Source_1"
"993",21,5,3,8,"Chain_21_Gen_5_Cond_3_Source_8"
"994",21,5,4,7,"Chain_21_Gen_5_Cond_4_Source_7"
"995",21,5,4,12,"Chain_21_Gen_5_Cond_4_Source_12"
"996",21,5,4,4,"Chain_21_Gen_5_Cond_4_Source_4"
"997",21,6,1,3,"Chain_21_Gen_6_Cond_1_Source_3"
"998",21,6,1,10,"Chain_21_Gen_6_Cond_1_Source_10"
"999",21,6,1,5,"Chain_21_Gen_6_Cond_1_Source_5"
"1000",21,6,2,6,"Chain_21_Gen_6_Cond_2_Source_6"
"1001",21,6,2,2,"Chain_21_Gen_6_Cond_2_Source_2"
"1002",21,6,2,11,"Chain_21_Gen_6_Cond_2_Source_11"
"1003",21,6,3,9,"Chain_21_Gen_6_Cond_3_Source_9"
"1004",21,6,3,1,"Chain_21_Gen_6_Cond_3_Source_1"
"1005",21,6,3,8,"Chain_21_Gen_6_Cond_3_Source_8"
"1006",21,6,4,7,"Chain_21_Gen_6_Cond_4_Source_7"
"1007",21,6,4,12,"Chain_21_Gen_6_Cond_4_Source_12"
"1008",21,6,4,4,"Chain_21_Gen_6_Cond_4_Source_4"
"1009",22,0,1,11,"Chain_22_Gen_0_Cond_1_Source_11"
"1010",22,0,1,10,"Chain_22_Gen_0_Cond_1_Source_10"
"1011",22,0,1,9,"Chain_22_Gen_0_Cond_1_Source_9"
"1012",22,0,2,2,"Chain_22_Gen_0_Cond_2_Source_2"
"1013",22,0,2,5,"Chain_22_Gen_0_Cond_2_Source_5"
"1014",22,0,2,6,"Chain_22_Gen_0_Cond_2_Source_6"
"1015",22,0,3,4,"Chain_22_Gen_0_Cond_3_Source_4"
"1016",22,0,3,12,"Chain_22_Gen_0_Cond_3_Source_12"
"1017",22,0,3,3,"Chain_22_Gen_0_Cond_3_Source_3"
"1018",22,0,4,1,"Chain_22_Gen_0_Cond_4_Source_1"
"1019",22,0,4,8,"Chain_22_Gen_0_Cond_4_Source_8"
"1020",22,0,4,7,"Chain_22_Gen_0_Cond_4_Source_7"
"1021",22,1,1,11,"Chain_22_Gen_1_Cond_1_Source_11"
"1022",22,1,1,10,"Chain_22_Gen_1_Cond_1_Source_10"
"1023",22,1,1,9,"Chain_22_Gen_1_Cond_1_Source_9"
"1024",22,1,2,2,"Chain_22_Gen_1_Cond_2_Source_2"
"1025",22,1,2,5,"Chain_22_Gen_1_Cond_2_Source_5"
"1026",22,1,2,6,"Chain_22_Gen_1_Cond_2_Source_6"
"1027",22,1,3,4,"Chain_22_Gen_1_Cond_3_Source_4"
"1028",22,1,3,12,"Chain_22_Gen_1_Cond_3_Source_12"
"1029",22,1,3,3,"Chain_22_Gen_1_Cond_3_Source_3"
"1030",22,1,4,1,"Chain_22_Gen_1_Cond_4_Source_1"
"1031",22,1,4,8,"Chain_22_Gen_1_Cond_4_Source_8"
"1032",22,1,4,7,"Chain_22_Gen_1_Cond_4_Source_7"
"1033",22,2,1,11,"Chain_22_Gen_2_Cond_1_Source_11"
"1034",22,2,1,10,"Chain_22_Gen_2_Cond_1_Source_10"
"1035",22,2,1,9,"Chain_22_Gen_2_Cond_1_Source_9"
"1036",22,2,2,2,"Chain_22_Gen_2_Cond_2_Source_2"
"1037",22,2,2,5,"Chain_22_Gen_2_Cond_2_Source_5"
"1038",22,2,2,6,"Chain_22_Gen_2_Cond_2_Source_6"
"1039",22,2,3,4,"Chain_22_Gen_2_Cond_3_Source_4"
"1040",22,2,3,12,"Chain_22_Gen_2_Cond_3_Source_12"
"1041",22,2,3,3,"Chain_22_Gen_2_Cond_3_Source_3"
"1042",22,2,4,1,"Chain_22_Gen_2_Cond_4_Source_1"
"1043",22,2,4,8,"Chain_22_Gen_2_Cond_4_Source_8"
"1044",22,2,4,7,"Chain_22_Gen_2_Cond_4_Source_7"
"1045",22,3,1,11,"Chain_22_Gen_3_Cond_1_Source_11"
"1046",22,3,1,10,"Chain_22_Gen_3_Cond_1_Source_10"
"1047",22,3,1,9,"Chain_22_Gen_3_Cond_1_Source_9"
"1048",22,3,2,2,"Chain_22_Gen_3_Cond_2_Source_2"
"1049",22,3,2,5,"Chain_22_Gen_3_Cond_2_Source_5"
"1050",22,3,2,6,"Chain_22_Gen_3_Cond_2_Source_6"
"1051",22,3,3,4,"Chain_22_Gen_3_Cond_3_Source_4"
"1052",22,3,3,12,"Chain_22_Gen_3_Cond_3_Source_12"
"1053",22,3,3,3,"Chain_22_Gen_3_Cond_3_Source_3"
"1054",22,3,4,1,"Chain_22_Gen_3_Cond_4_Source_1"
"1055",22,3,4,8,"Chain_22_Gen_3_Cond_4_Source_8"
"1056",22,3,4,7,"Chain_22_Gen_3_Cond_4_Source_7"
"1057",22,4,1,11,"Chain_22_Gen_4_Cond_1_Source_11"
"1058",22,4,1,10,"Chain_22_Gen_4_Cond_1_Source_10"
"1059",22,4,1,9,"Chain_22_Gen_4_Cond_1_Source_9"
"1060",22,4,2,2,"Chain_22_Gen_4_Cond_2_Source_2"
"1061",22,4,2,5,"Chain_22_Gen_4_Cond_2_Source_5"
"1062",22,4,2,6,"Chain_22_Gen_4_Cond_2_Source_6"
"1063",22,4,3,4,"Chain_22_Gen_4_Cond_3_Source_4"
"1064",22,4,3,12,"Chain_22_Gen_4_Cond_3_Source_12"
"1065",22,4,3,3,"Chain_22_Gen_4_Cond_3_Source_3"
"1066",22,4,4,1,"Chain_22_Gen_4_Cond_4_Source_1"
"1067",22,4,4,8,"Chain_22_Gen_4_Cond_4_Source_8"
"1068",22,4,4,7,"Chain_22_Gen_4_Cond_4_Source_7"
"1069",22,5,1,11,"Chain_22_Gen_5_Cond_1_Source_11"
"1070",22,5,1,10,"Chain_22_Gen_5_Cond_1_Source_10"
"1071",22,5,1,9,"Chain_22_Gen_5_Cond_1_Source_9"
"1072",22,5,2,2,"Chain_22_Gen_5_Cond_2_Source_2"
"1073",22,5,2,5,"Chain_22_Gen_5_Cond_2_Source_5"
"1074",22,5,2,6,"Chain_22_Gen_5_Cond_2_Source_6"
"1075",22,5,3,4,"Chain_22_Gen_5_Cond_3_Source_4"
"1076",22,5,3,12,"Chain_22_Gen_5_Cond_3_Source_12"
"1077",22,5,3,3,"Chain_22_Gen_5_Cond_3_Source_3"
"1078",22,5,4,1,"Chain_22_Gen_5_Cond_4_Source_1"
"1079",22,5,4,8,"Chain_22_Gen_5_Cond_4_Source_8"
"1080",22,5,4,7,"Chain_22_Gen_5_Cond_4_Source_7"
"1081",22,6,1,11,"Chain_22_Gen_6_Cond_1_Source_11"
"1082",22,6,1,10,"Chain_22_Gen_6_Cond_1_Source_10"
"1083",22,6,1,9,"Chain_22_Gen_6_Cond_1_Source_9"
"1084",22,6,2,2,"Chain_22_Gen_6_Cond_2_Source_2"
"1085",22,6,2,5,"Chain_22_Gen_6_Cond_2_Source_5"
"1086",22,6,2,6,"Chain_22_Gen_6_Cond_2_Source_6"
"1087",22,6,3,4,"Chain_22_Gen_6_Cond_3_Source_4"
"1088",22,6,3,12,"Chain_22_Gen_6_Cond_3_Source_12"
"1089",22,6,3,3,"Chain_22_Gen_6_Cond_3_Source_3"
"1090",22,6,4,1,"Chain_22_Gen_6_Cond_4_Source_1"
"1091",22,6,4,8,"Chain_22_Gen_6_Cond_4_Source_8"
"1092",22,6,4,7,"Chain_22_Gen_6_Cond_4_Source_7"
"1093",23,0,1,6,"Chain_23_Gen_0_Cond_1_Source_6"
"1094",23,0,1,7,"Chain_23_Gen_0_Cond_1_Source_7"
"1095",23,0,1,3,"Chain_23_Gen_0_Cond_1_Source_3"
"1096",23,0,2,11,"Chain_23_Gen_0_Cond_2_Source_11"
"1097",23,0,2,5,"Chain_23_Gen_0_Cond_2_Source_5"
"1098",23,0,2,12,"Chain_23_Gen_0_Cond_2_Source_12"
"1099",23,0,3,9,"Chain_23_Gen_0_Cond_3_Source_9"
"1100",23,0,3,8,"Chain_23_Gen_0_Cond_3_Source_8"
"1101",23,0,3,1,"Chain_23_Gen_0_Cond_3_Source_1"
"1102",23,0,4,2,"Chain_23_Gen_0_Cond_4_Source_2"
"1103",23,0,4,10,"Chain_23_Gen_0_Cond_4_Source_10"
"1104",23,0,4,4,"Chain_23_Gen_0_Cond_4_Source_4"
"1105",23,1,1,6,"Chain_23_Gen_1_Cond_1_Source_6"
"1106",23,1,1,7,"Chain_23_Gen_1_Cond_1_Source_7"
"1107",23,1,1,3,"Chain_23_Gen_1_Cond_1_Source_3"
"1108",23,1,2,11,"Chain_23_Gen_1_Cond_2_Source_11"
"1109",23,1,2,5,"Chain_23_Gen_1_Cond_2_Source_5"
"1110",23,1,2,12,"Chain_23_Gen_1_Cond_2_Source_12"
"1111",23,1,3,9,"Chain_23_Gen_1_Cond_3_Source_9"
"1112",23,1,3,8,"Chain_23_Gen_1_Cond_3_Source_8"
"1113",23,1,3,1,"Chain_23_Gen_1_Cond_3_Source_1"
"1114",23,1,4,2,"Chain_23_Gen_1_Cond_4_Source_2"
"1115",23,1,4,10,"Chain_23_Gen_1_Cond_4_Source_10"
"1116",23,1,4,4,"Chain_23_Gen_1_Cond_4_Source_4"
"1117",23,2,1,6,"Chain_23_Gen_2_Cond_1_Source_6"
"1118",23,2,1,7,"Chain_23_Gen_2_Cond_1_Source_7"
"1119",23,2,1,3,"Chain_23_Gen_2_Cond_1_Source_3"
"1120",23,2,2,11,"Chain_23_Gen_2_Cond_2_Source_11"
"1121",23,2,2,5,"Chain_23_Gen_2_Cond_2_Source_5"
"1122",23,2,2,12,"Chain_23_Gen_2_Cond_2_Source_12"
"1123",23,2,3,9,"Chain_23_Gen_2_Cond_3_Source_9"
"1124",23,2,3,8,"Chain_23_Gen_2_Cond_3_Source_8"
"1125",23,2,3,1,"Chain_23_Gen_2_Cond_3_Source_1"
"1126",23,2,4,2,"Chain_23_Gen_2_Cond_4_Source_2"
"1127",23,2,4,10,"Chain_23_Gen_2_Cond_4_Source_10"
"1128",23,2,4,4,"Chain_23_Gen_2_Cond_4_Source_4"
"1129",23,3,1,6,"Chain_23_Gen_3_Cond_1_Source_6"
"1130",23,3,1,7,"Chain_23_Gen_3_Cond_1_Source_7"
"1131",23,3,1,3,"Chain_23_Gen_3_Cond_1_Source_3"
"1132",23,3,2,11,"Chain_23_Gen_3_Cond_2_Source_11"
"1133",23,3,2,5,"Chain_23_Gen_3_Cond_2_Source_5"
"1134",23,3,2,12,"Chain_23_Gen_3_Cond_2_Source_12"
"1135",23,3,3,9,"Chain_23_Gen_3_Cond_3_Source_9"
"1136",23,3,3,8,"Chain_23_Gen_3_Cond_3_Source_8"
"1137",23,3,3,1,"Chain_23_Gen_3_Cond_3_Source_1"
"1138",23,3,4,2,"Chain_23_Gen_3_Cond_4_Source_2"
"1139",23,3,4,10,"Chain_23_Gen_3_Cond_4_Source_10"
"1140",23,3,4,4,"Chain_23_Gen_3_Cond_4_Source_4"
"1141",23,4,1,6,"Chain_23_Gen_4_Cond_1_Source_6"
"1142",23,4,1,7,"Chain_23_Gen_4_Cond_1_Source_7"
"1143",23,4,1,3,"Chain_23_Gen_4_Cond_1_Source_3"
"1144",23,4,2,11,"Chain_23_Gen_4_Cond_2_Source_11"
"1145",23,4,2,5,"Chain_23_Gen_4_Cond_2_Source_5"
"1146",23,4,2,12,"Chain_23_Gen_4_Cond_2_Source_12"
"1147",23,4,3,9,"Chain_23_Gen_4_Cond_3_Source_9"
"1148",23,4,3,8,"Chain_23_Gen_4_Cond_3_Source_8"
"1149",23,4,3,1,"Chain_23_Gen_4_Cond_3_Source_1"
"1150",23,4,4,2,"Chain_23_Gen_4_Cond_4_Source_2"
"1151",23,4,4,10,"Chain_23_Gen_4_Cond_4_Source_10"
"1152",23,4,4,4,"Chain_23_Gen_4_Cond_4_Source_4"
"1153",23,5,1,6,"Chain_23_Gen_5_Cond_1_Source_6"
"1154",23,5,1,7,"Chain_23_Gen_5_Cond_1_Source_7"
"1155",23,5,1,3,"Chain_23_Gen_5_Cond_1_Source_3"
"1156",23,5,2,11,"Chain_23_Gen_5_Cond_2_Source_11"
"1157",23,5,2,5,"Chain_23_Gen_5_Cond_2_Source_5"
"1158",23,5,2,12,"Chain_23_Gen_5_Cond_2_Source_12"
"1159",23,5,3,9,"Chain_23_Gen_5_Cond_3_Source_9"
"1160",23,5,3,8,"Chain_23_Gen_5_Cond_3_Source_8"
"1161",23,5,3,1,"Chain_23_Gen_5_Cond_3_Source_1"
"1162",23,5,4,2,"Chain_23_Gen_5_Cond_4_Source_2"
"1163",23,5,4,10,"Chain_23_Gen_5_Cond_4_Source_10"
"1164",23,5,4,4,"Chain_23_Gen_5_Cond_4_Source_4"
"1165",23,6,1,6,"Chain_23_Gen_6_Cond_1_Source_6"
"1166",23,6,1,7,"Chain_23_Gen_6_Cond_1_Source_7"
"1167",23,6,1,3,"Chain_23_Gen_6_Cond_1_Source_3"
"1168",23,6,2,11,"Chain_23_Gen_6_Cond_2_Source_11"
"1169",23,6,2,5,"Chain_23_Gen_6_Cond_2_Source_5"
"1170",23,6,2,12,"Chain_23_Gen_6_Cond_2_Source_12"
"1171",23,6,3,9,"Chain_23_Gen_6_Cond_3_Source_9"
"1172",23,6,3,8,"Chain_23_Gen_6_Cond_3_Source_8"
"1173",23,6,3,1,"Chain_23_Gen_6_Cond_3_Source_1"
"1174",23,6,4,2,"Chain_23_Gen_6_Cond_4_Source_2"
"1175",23,6,4,10,"Chain_23_Gen_6_Cond_4_Source_10"
"1176",23,6,4,4,"Chain_23_Gen_6_Cond_4_Source_4"
"1177",3,0,1,8,"Chain_3_Gen_0_Cond_1_Source_8"
"1178",3,0,1,11,"Chain_3_Gen_0_Cond_1_Source_11"
"1179",3,0,1,9,"Chain_3_Gen_0_Cond_1_Source_9"
"1180",3,0,2,1,"Chain_3_Gen_0_Cond_2_Source_1"
"1181",3,0,2,3,"Chain_3_Gen_0_Cond_2_Source_3"
"1182",3,0,2,7,"Chain_3_Gen_0_Cond_2_Source_7"
"1183",3,0,3,10,"Chain_3_Gen_0_Cond_3_Source_10"
"1184",3,0,3,12,"Chain_3_Gen_0_Cond_3_Source_12"
"1185",3,0,3,2,"Chain_3_Gen_0_Cond_3_Source_2"
"1186",3,0,4,4,"Chain_3_Gen_0_Cond_4_Source_4"
"1187",3,0,4,6,"Chain_3_Gen_0_Cond_4_Source_6"
"1188",3,0,4,5,"Chain_3_Gen_0_Cond_4_Source_5"
"1189",3,1,1,8,"Chain_3_Gen_1_Cond_1_Source_8"
"1190",3,1,1,11,"Chain_3_Gen_1_Cond_1_Source_11"
"1191",3,1,1,9,"Chain_3_Gen_1_Cond_1_Source_9"
"1192",3,1,2,1,"Chain_3_Gen_1_Cond_2_Source_1"
"1193",3,1,2,3,"Chain_3_Gen_1_Cond_2_Source_3"
"1194",3,1,2,7,"Chain_3_Gen_1_Cond_2_Source_7"
"1195",3,1,3,10,"Chain_3_Gen_1_Cond_3_Source_10"
"1196",3,1,3,12,"Chain_3_Gen_1_Cond_3_Source_12"
"1197",3,1,3,2,"Chain_3_Gen_1_Cond_3_Source_2"
"1198",3,1,4,4,"Chain_3_Gen_1_Cond_4_Source_4"
"1199",3,1,4,6,"Chain_3_Gen_1_Cond_4_Source_6"
"1200",3,1,4,5,"Chain_3_Gen_1_Cond_4_Source_5"
"1201",3,2,1,8,"Chain_3_Gen_2_Cond_1_Source_8"
"1202",3,2,1,11,"Chain_3_Gen_2_Cond_1_Source_11"
"1203",3,2,1,9,"Chain_3_Gen_2_Cond_1_Source_9"
"1204",3,2,2,1,"Chain_3_Gen_2_Cond_2_Source_1"
"1205",3,2,2,3,"Chain_3_Gen_2_Cond_2_Source_3"
"1206",3,2,2,7,"Chain_3_Gen_2_Cond_2_Source_7"
"1207",3,2,3,10,"Chain_3_Gen_2_Cond_3_Source_10"
"1208",3,2,3,12,"Chain_3_Gen_2_Cond_3_Source_12"
"1209",3,2,3,2,"Chain_3_Gen_2_Cond_3_Source_2"
"1210",3,2,4,4,"Chain_3_Gen_2_Cond_4_Source_4"
"1211",3,2,4,6,"Chain_3_Gen_2_Cond_4_Source_6"
"1212",3,2,4,5,"Chain_3_Gen_2_Cond_4_Source_5"
"1213",3,3,1,8,"Chain_3_Gen_3_Cond_1_Source_8"
"1214",3,3,1,11,"Chain_3_Gen_3_Cond_1_Source_11"
"1215",3,3,1,9,"Chain_3_Gen_3_Cond_1_Source_9"
"1216",3,3,2,1,"Chain_3_Gen_3_Cond_2_Source_1"
"1217",3,3,2,3,"Chain_3_Gen_3_Cond_2_Source_3"
"1218",3,3,2,7,"Chain_3_Gen_3_Cond_2_Source_7"
"1219",3,3,3,10,"Chain_3_Gen_3_Cond_3_Source_10"
"1220",3,3,3,12,"Chain_3_Gen_3_Cond_3_Source_12"
"1221",3,3,3,2,"Chain_3_Gen_3_Cond_3_Source_2"
"1222",3,3,4,4,"Chain_3_Gen_3_Cond_4_Source_4"
"1223",3,3,4,6,"Chain_3_Gen_3_Cond_4_Source_6"
"1224",3,3,4,5,"Chain_3_Gen_3_Cond_4_Source_5"
"1225",3,4,1,8,"Chain_3_Gen_4_Cond_1_Source_8"
"1226",3,4,1,11,"Chain_3_Gen_4_Cond_1_Source_11"
"1227",3,4,1,9,"Chain_3_Gen_4_Cond_1_Source_9"
"1228",3,4,2,1,"Chain_3_Gen_4_Cond_2_Source_1"
"1229",3,4,2,3,"Chain_3_Gen_4_Cond_2_Source_3"
"1230",3,4,2,7,"Chain_3_Gen_4_Cond_2_Source_7"
"1231",3,4,3,10,"Chain_3_Gen_4_Cond_3_Source_10"
"1232",3,4,3,12,"Chain_3_Gen_4_Cond_3_Source_12"
"1233",3,4,3,2,"Chain_3_Gen_4_Cond_3_Source_2"
"1234",3,4,4,4,"Chain_3_Gen_4_Cond_4_Source_4"
"1235",3,4,4,6,"Chain_3_Gen_4_Cond_4_Source_6"
"1236",3,4,4,5,"Chain_3_Gen_4_Cond_4_Source_5"
"1237",3,5,1,8,"Chain_3_Gen_5_Cond_1_Source_8"
"1238",3,5,1,11,"Chain_3_Gen_5_Cond_1_Source_11"
"1239",3,5,1,9,"Chain_3_Gen_5_Cond_1_Source_9"
"1240",3,5,2,1,"Chain_3_Gen_5_Cond_2_Source_1"
"1241",3,5,2,3,"Chain_3_Gen_5_Cond_2_Source_3"
"1242",3,5,2,7,"Chain_3_Gen_5_Cond_2_Source_7"
"1243",3,5,3,10,"Chain_3_Gen_5_Cond_3_Source_10"
"1244",3,5,3,12,"Chain_3_Gen_5_Cond_3_Source_12"
"1245",3,5,3,2,"Chain_3_Gen_5_Cond_3_Source_2"
"1246",3,5,4,4,"Chain_3_Gen_5_Cond_4_Source_4"
"1247",3,5,4,6,"Chain_3_Gen_5_Cond_4_Source_6"
"1248",3,5,4,5,"Chain_3_Gen_5_Cond_4_Source_5"
"1249",3,6,1,8,"Chain_3_Gen_6_Cond_1_Source_8"
"1250",3,6,1,11,"Chain_3_Gen_6_Cond_1_Source_11"
"1251",3,6,1,9,"Chain_3_Gen_6_Cond_1_Source_9"
"1252",3,6,2,1,"Chain_3_Gen_6_Cond_2_Source_1"
"1253",3,6,2,3,"Chain_3_Gen_6_Cond_2_Source_3"
"1254",3,6,2,7,"Chain_3_Gen_6_Cond_2_Source_7"
"1255",3,6,3,10,"Chain_3_Gen_6_Cond_3_Source_10"
"1256",3,6,3,12,"Chain_3_Gen_6_Cond_3_Source_12"
"1257",3,6,3,2,"Chain_3_Gen_6_Cond_3_Source_2"
"1258",3,6,4,4,"Chain_3_Gen_6_Cond_4_Source_4"
"1259",3,6,4,6,"Chain_3_Gen_6_Cond_4_Source_6"
"1260",3,6,4,5,"Chain_3_Gen_6_Cond_4_Source_5"
"1261",4,0,1,9,"Chain_4_Gen_0_Cond_1_Source_9"
"1262",4,0,1,6,"Chain_4_Gen_0_Cond_1_Source_6"
"1263",4,0,1,12,"Chain_4_Gen_0_Cond_1_Source_12"
"1264",4,0,2,11,"Chain_4_Gen_0_Cond_2_Source_11"
"1265",4,0,2,1,"Chain_4_Gen_0_Cond_2_Source_1"
"1266",4,0,2,8,"Chain_4_Gen_0_Cond_2_Source_8"
"1267",4,0,3,4,"Chain_4_Gen_0_Cond_3_Source_4"
"1268",4,0,3,5,"Chain_4_Gen_0_Cond_3_Source_5"
"1269",4,0,3,3,"Chain_4_Gen_0_Cond_3_Source_3"
"1270",4,0,4,2,"Chain_4_Gen_0_Cond_4_Source_2"
"1271",4,0,4,10,"Chain_4_Gen_0_Cond_4_Source_10"
"1272",4,0,4,7,"Chain_4_Gen_0_Cond_4_Source_7"
"1273",4,1,1,9,"Chain_4_Gen_1_Cond_1_Source_9"
"1274",4,1,1,6,"Chain_4_Gen_1_Cond_1_Source_6"
"1275",4,1,1,12,"Chain_4_Gen_1_Cond_1_Source_12"
"1276",4,1,2,11,"Chain_4_Gen_1_Cond_2_Source_11"
"1277",4,1,2,1,"Chain_4_Gen_1_Cond_2_Source_1"
"1278",4,1,2,8,"Chain_4_Gen_1_Cond_2_Source_8"
"1279",4,1,3,4,"Chain_4_Gen_1_Cond_3_Source_4"
"1280",4,1,3,5,"Chain_4_Gen_1_Cond_3_Source_5"
"1281",4,1,3,3,"Chain_4_Gen_1_Cond_3_Source_3"
"1282",4,1,4,2,"Chain_4_Gen_1_Cond_4_Source_2"
"1283",4,1,4,10,"Chain_4_Gen_1_Cond_4_Source_10"
"1284",4,1,4,7,"Chain_4_Gen_1_Cond_4_Source_7"
"1285",4,2,1,9,"Chain_4_Gen_2_Cond_1_Source_9"
"1286",4,2,1,6,"Chain_4_Gen_2_Cond_1_Source_6"
"1287",4,2,1,12,"Chain_4_Gen_2_Cond_1_Source_12"
"1288",4,2,2,11,"Chain_4_Gen_2_Cond_2_Source_11"
"1289",4,2,2,1,"Chain_4_Gen_2_Cond_2_Source_1"
"1290",4,2,2,8,"Chain_4_Gen_2_Cond_2_Source_8"
"1291",4,2,3,4,"Chain_4_Gen_2_Cond_3_Source_4"
"1292",4,2,3,5,"Chain_4_Gen_2_Cond_3_Source_5"
"1293",4,2,3,3,"Chain_4_Gen_2_Cond_3_Source_3"
"1294",4,2,4,2,"Chain_4_Gen_2_Cond_4_Source_2"
"1295",4,2,4,10,"Chain_4_Gen_2_Cond_4_Source_10"
"1296",4,2,4,7,"Chain_4_Gen_2_Cond_4_Source_7"
"1297",4,3,1,9,"Chain_4_Gen_3_Cond_1_Source_9"
"1298",4,3,1,6,"Chain_4_Gen_3_Cond_1_Source_6"
"1299",4,3,1,12,"Chain_4_Gen_3_Cond_1_Source_12"
"1300",4,3,2,11,"Chain_4_Gen_3_Cond_2_Source_11"
"1301",4,3,2,1,"Chain_4_Gen_3_Cond_2_Source_1"
"1302",4,3,2,8,"Chain_4_Gen_3_Cond_2_Source_8"
"1303",4,3,3,4,"Chain_4_Gen_3_Cond_3_Source_4"
"1304",4,3,3,5,"Chain_4_Gen_3_Cond_3_Source_5"
"1305",4,3,3,3,"Chain_4_Gen_3_Cond_3_Source_3"
"1306",4,3,4,2,"Chain_4_Gen_3_Cond_4_Source_2"
"1307",4,3,4,10,"Chain_4_Gen_3_Cond_4_Source_10"
"1308",4,3,4,7,"Chain_4_Gen_3_Cond_4_Source_7"
"1309",4,4,1,9,"Chain_4_Gen_4_Cond_1_Source_9"
"1310",4,4,1,6,"Chain_4_Gen_4_Cond_1_Source_6"
"1311",4,4,1,12,"Chain_4_Gen_4_Cond_1_Source_12"
"1312",4,4,2,11,"Chain_4_Gen_4_Cond_2_Source_11"
"1313",4,4,2,1,"Chain_4_Gen_4_Cond_2_Source_1"
"1314",4,4,2,8,"Chain_4_Gen_4_Cond_2_Source_8"
"1315",4,4,3,4,"Chain_4_Gen_4_Cond_3_Source_4"
"1316",4,4,3,5,"Chain_4_Gen_4_Cond_3_Source_5"
"1317",4,4,3,3,"Chain_4_Gen_4_Cond_3_Source_3"
"1318",4,4,4,2,"Chain_4_Gen_4_Cond_4_Source_2"
"1319",4,4,4,10,"Chain_4_Gen_4_Cond_4_Source_10"
"1320",4,4,4,7,"Chain_4_Gen_4_Cond_4_Source_7"
"1321",4,5,1,9,"Chain_4_Gen_5_Cond_1_Source_9"
"1322",4,5,1,6,"Chain_4_Gen_5_Cond_1_Source_6"
"1323",4,5,1,12,"Chain_4_Gen_5_Cond_1_Source_12"
"1324",4,5,2,11,"Chain_4_Gen_5_Cond_2_Source_11"
"1325",4,5,2,1,"Chain_4_Gen_5_Cond_2_Source_1"
"1326",4,5,2,8,"Chain_4_Gen_5_Cond_2_Source_8"
"1327",4,5,3,4,"Chain_4_Gen_5_Cond_3_Source_4"
"1328",4,5,3,5,"Chain_4_Gen_5_Cond_3_Source_5"
"1329",4,5,3,3,"Chain_4_Gen_5_Cond_3_Source_3"
"1330",4,5,4,2,"Chain_4_Gen_5_Cond_4_Source_2"
"1331",4,5,4,10,"Chain_4_Gen_5_Cond_4_Source_10"
"1332",4,5,4,7,"Chain_4_Gen_5_Cond_4_Source_7"
"1333",4,6,1,9,"Chain_4_Gen_6_Cond_1_Source_9"
"1334",4,6,1,6,"Chain_4_Gen_6_Cond_1_Source_6"
"1335",4,6,1,12,"Chain_4_Gen_6_Cond_1_Source_12"
"1336",4,6,2,11,"Chain_4_Gen_6_Cond_2_Source_11"
"1337",4,6,2,1,"Chain_4_Gen_6_Cond_2_Source_1"
"1338",4,6,2,8,"Chain_4_Gen_6_Cond_2_Source_8"
"1339",4,6,3,4,"Chain_4_Gen_6_Cond_3_Source_4"
"1340",4,6,3,5,"Chain_4_Gen_6_Cond_3_Source_5"
"1341",4,6,3,3,"Chain_4_Gen_6_Cond_3_Source_3"
"1342",4,6,4,2,"Chain_4_Gen_6_Cond_4_Source_2"
"1343",4,6,4,10,"Chain_4_Gen_6_Cond_4_Source_10"
"1344",4,6,4,7,"Chain_4_Gen_6_Cond_4_Source_7"
"1345",5,0,1,11,"Chain_5_Gen_0_Cond_1_Source_11"
"1346",5,0,1,3,"Chain_5_Gen_0_Cond_1_Source_3"
"1347",5,0,1,9,"Chain_5_Gen_0_Cond_1_Source_9"
"1348",5,0,2,8,"Chain_5_Gen_0_Cond_2_Source_8"
"1349",5,0,2,5,"Chain_5_Gen_0_Cond_2_Source_5"
"1350",5,0,2,2,"Chain_5_Gen_0_Cond_2_Source_2"
"1351",5,0,3,12,"Chain_5_Gen_0_Cond_3_Source_12"
"1352",5,0,3,7,"Chain_5_Gen_0_Cond_3_Source_7"
"1353",5,0,3,1,"Chain_5_Gen_0_Cond_3_Source_1"
"1354",5,0,4,4,"Chain_5_Gen_0_Cond_4_Source_4"
"1355",5,0,4,6,"Chain_5_Gen_0_Cond_4_Source_6"
"1356",5,0,4,10,"Chain_5_Gen_0_Cond_4_Source_10"
"1357",5,1,1,11,"Chain_5_Gen_1_Cond_1_Source_11"
"1358",5,1,1,3,"Chain_5_Gen_1_Cond_1_Source_3"
"1359",5,1,1,9,"Chain_5_Gen_1_Cond_1_Source_9"
"1360",5,1,2,8,"Chain_5_Gen_1_Cond_2_Source_8"
"1361",5,1,2,5,"Chain_5_Gen_1_Cond_2_Source_5"
"1362",5,1,2,2,"Chain_5_Gen_1_Cond_2_Source_2"
"1363",5,1,3,12,"Chain_5_Gen_1_Cond_3_Source_12"
"1364",5,1,3,7,"Chain_5_Gen_1_Cond_3_Source_7"
"1365",5,1,3,1,"Chain_5_Gen_1_Cond_3_Source_1"
"1366",5,1,4,4,"Chain_5_Gen_1_Cond_4_Source_4"
"1367",5,1,4,6,"Chain_5_Gen_1_Cond_4_Source_6"
"1368",5,1,4,10,"Chain_5_Gen_1_Cond_4_Source_10"
"1369",5,2,1,11,"Chain_5_Gen_2_Cond_1_Source_11"
"1370",5,2,1,3,"Chain_5_Gen_2_Cond_1_Source_3"
"1371",5,2,1,9,"Chain_5_Gen_2_Cond_1_Source_9"
"1372",5,2,2,8,"Chain_5_Gen_2_Cond_2_Source_8"
"1373",5,2,2,5,"Chain_5_Gen_2_Cond_2_Source_5"
"1374",5,2,2,2,"Chain_5_Gen_2_Cond_2_Source_2"
"1375",5,2,3,12,"Chain_5_Gen_2_Cond_3_Source_12"
"1376",5,2,3,7,"Chain_5_Gen_2_Cond_3_Source_7"
"1377",5,2,3,1,"Chain_5_Gen_2_Cond_3_Source_1"
"1378",5,2,4,4,"Chain_5_Gen_2_Cond_4_Source_4"
"1379",5,2,4,6,"Chain_5_Gen_2_Cond_4_Source_6"
"1380",5,2,4,10,"Chain_5_Gen_2_Cond_4_Source_10"
"1381",5,3,1,11,"Chain_5_Gen_3_Cond_1_Source_11"
"1382",5,3,1,3,"Chain_5_Gen_3_Cond_1_Source_3"
"1383",5,3,1,9,"Chain_5_Gen_3_Cond_1_Source_9"
"1384",5,3,2,8,"Chain_5_Gen_3_Cond_2_Source_8"
"1385",5,3,2,5,"Chain_5_Gen_3_Cond_2_Source_5"
"1386",5,3,2,2,"Chain_5_Gen_3_Cond_2_Source_2"
"1387",5,3,3,12,"Chain_5_Gen_3_Cond_3_Source_12"
"1388",5,3,3,7,"Chain_5_Gen_3_Cond_3_Source_7"
"1389",5,3,3,1,"Chain_5_Gen_3_Cond_3_Source_1"
"1390",5,3,4,4,"Chain_5_Gen_3_Cond_4_Source_4"
"1391",5,3,4,6,"Chain_5_Gen_3_Cond_4_Source_6"
"1392",5,3,4,10,"Chain_5_Gen_3_Cond_4_Source_10"
"1393",5,4,1,11,"Chain_5_Gen_4_Cond_1_Source_11"
"1394",5,4,1,3,"Chain_5_Gen_4_Cond_1_Source_3"
"1395",5,4,1,9,"Chain_5_Gen_4_Cond_1_Source_9"
"1396",5,4,2,8,"Chain_5_Gen_4_Cond_2_Source_8"
"1397",5,4,2,5,"Chain_5_Gen_4_Cond_2_Source_5"
"1398",5,4,2,2,"Chain_5_Gen_4_Cond_2_Source_2"
"1399",5,4,3,12,"Chain_5_Gen_4_Cond_3_Source_12"
"1400",5,4,3,7,"Chain_5_Gen_4_Cond_3_Source_7"
"1401",5,4,3,1,"Chain_5_Gen_4_Cond_3_Source_1"
"1402",5,4,4,4,"Chain_5_Gen_4_Cond_4_Source_4"
"1403",5,4,4,6,"Chain_5_Gen_4_Cond_4_Source_6"
"1404",5,4,4,10,"Chain_5_Gen_4_Cond_4_Source_10"
"1405",5,5,1,11,"Chain_5_Gen_5_Cond_1_Source_11"
"1406",5,5,1,3,"Chain_5_Gen_5_Cond_1_Source_3"
"1407",5,5,1,9,"Chain_5_Gen_5_Cond_1_Source_9"
"1408",5,5,2,8,"Chain_5_Gen_5_Cond_2_Source_8"
"1409",5,5,2,5,"Chain_5_Gen_5_Cond_2_Source_5"
"1410",5,5,2,2,"Chain_5_Gen_5_Cond_2_Source_2"
"1411",5,5,3,12,"Chain_5_Gen_5_Cond_3_Source_12"
"1412",5,5,3,7,"Chain_5_Gen_5_Cond_3_Source_7"
"1413",5,5,3,1,"Chain_5_Gen_5_Cond_3_Source_1"
"1414",5,5,4,4,"Chain_5_Gen_5_Cond_4_Source_4"
"1415",5,5,4,6,"Chain_5_Gen_5_Cond_4_Source_6"
"1416",5,5,4,10,"Chain_5_Gen_5_Cond_4_Source_10"
"1417",5,6,1,11,"Chain_5_Gen_6_Cond_1_Source_11"
"1418",5,6,1,3,"Chain_5_Gen_6_Cond_1_Source_3"
"1419",5,6,1,9,"Chain_5_Gen_6_Cond_1_Source_9"
"1420",5,6,2,8,"Chain_5_Gen_6_Cond_2_Source_8"
"1421",5,6,2,5,"Chain_5_Gen_6_Cond_2_Source_5"
"1422",5,6,2,2,"Chain_5_Gen_6_Cond_2_Source_2"
"1423",5,6,3,12,"Chain_5_Gen_6_Cond_3_Source_12"
"1424",5,6,3,7,"Chain_5_Gen_6_Cond_3_Source_7"
"1425",5,6,3,1,"Chain_5_Gen_6_Cond_3_Source_1"
"1426",5,6,4,4,"Chain_5_Gen_6_Cond_4_Source_4"
"1427",5,6,4,6,"Chain_5_Gen_6_Cond_4_Source_6"
"1428",5,6,4,10,"Chain_5_Gen_6_Cond_4_Source_10"
"1429",7,0,1,3,"Chain_7_Gen_0_Cond_1_Source_3"
"1430",7,0,1,10,"Chain_7_Gen_0_Cond_1_Source_10"
"1431",7,0,1,12,"Chain_7_Gen_0_Cond_1_Source_12"
"1432",7,0,2,9,"Chain_7_Gen_0_Cond_2_Source_9"
"1433",7,0,2,4,"Chain_7_Gen_0_Cond_2_Source_4"
"1434",7,0,2,2,"Chain_7_Gen_0_Cond_2_Source_2"
"1435",7,0,3,11,"Chain_7_Gen_0_Cond_3_Source_11"
"1436",7,0,3,5,"Chain_7_Gen_0_Cond_3_Source_5"
"1437",7,0,3,7,"Chain_7_Gen_0_Cond_3_Source_7"
"1438",7,0,4,6,"Chain_7_Gen_0_Cond_4_Source_6"
"1439",7,0,4,8,"Chain_7_Gen_0_Cond_4_Source_8"
"1440",7,0,4,1,"Chain_7_Gen_0_Cond_4_Source_1"
"1441",7,1,1,3,"Chain_7_Gen_1_Cond_1_Source_3"
"1442",7,1,1,10,"Chain_7_Gen_1_Cond_1_Source_10"
"1443",7,1,1,12,"Chain_7_Gen_1_Cond_1_Source_12"
"1444",7,1,2,9,"Chain_7_Gen_1_Cond_2_Source_9"
"1445",7,1,2,4,"Chain_7_Gen_1_Cond_2_Source_4"
"1446",7,1,2,2,"Chain_7_Gen_1_Cond_2_Source_2"
"1447",7,1,3,11,"Chain_7_Gen_1_Cond_3_Source_11"
"1448",7,1,3,5,"Chain_7_Gen_1_Cond_3_Source_5"
"1449",7,1,3,7,"Chain_7_Gen_1_Cond_3_Source_7"
"1450",7,1,4,6,"Chain_7_Gen_1_Cond_4_Source_6"
"1451",7,1,4,8,"Chain_7_Gen_1_Cond_4_Source_8"
"1452",7,1,4,1,"Chain_7_Gen_1_Cond_4_Source_1"
"1453",7,2,1,3,"Chain_7_Gen_2_Cond_1_Source_3"
"1454",7,2,1,10,"Chain_7_Gen_2_Cond_1_Source_10"
"1455",7,2,1,12,"Chain_7_Gen_2_Cond_1_Source_12"
"1456",7,2,2,9,"Chain_7_Gen_2_Cond_2_Source_9"
"1457",7,2,2,4,"Chain_7_Gen_2_Cond_2_Source_4"
"1458",7,2,2,2,"Chain_7_Gen_2_Cond_2_Source_2"
"1459",7,2,3,11,"Chain_7_Gen_2_Cond_3_Source_11"
"1460",7,2,3,5,"Chain_7_Gen_2_Cond_3_Source_5"
"1461",7,2,3,7,"Chain_7_Gen_2_Cond_3_Source_7"
"1462",7,2,4,6,"Chain_7_Gen_2_Cond_4_Source_6"
"1463",7,2,4,8,"Chain_7_Gen_2_Cond_4_Source_8"
"1464",7,2,4,1,"Chain_7_Gen_2_Cond_4_Source_1"
"1465",7,3,1,3,"Chain_7_Gen_3_Cond_1_Source_3"
"1466",7,3,1,10,"Chain_7_Gen_3_Cond_1_Source_10"
"1467",7,3,1,12,"Chain_7_Gen_3_Cond_1_Source_12"
"1468",7,3,2,9,"Chain_7_Gen_3_Cond_2_Source_9"
"1469",7,3,2,4,"Chain_7_Gen_3_Cond_2_Source_4"
"1470",7,3,2,2,"Chain_7_Gen_3_Cond_2_Source_2"
"1471",7,3,3,11,"Chain_7_Gen_3_Cond_3_Source_11"
"1472",7,3,3,5,"Chain_7_Gen_3_Cond_3_Source_5"
"1473",7,3,3,7,"Chain_7_Gen_3_Cond_3_Source_7"
"1474",7,3,4,6,"Chain_7_Gen_3_Cond_4_Source_6"
"1475",7,3,4,8,"Chain_7_Gen_3_Cond_4_Source_8"
"1476",7,3,4,1,"Chain_7_Gen_3_Cond_4_Source_1"
"1477",7,4,1,3,"Chain_7_Gen_4_Cond_1_Source_3"
"1478",7,4,1,10,"Chain_7_Gen_4_Cond_1_Source_10"
"1479",7,4,1,12,"Chain_7_Gen_4_Cond_1_Source_12"
"1480",7,4,2,9,"Chain_7_Gen_4_Cond_2_Source_9"
"1481",7,4,2,4,"Chain_7_Gen_4_Cond_2_Source_4"
"1482",7,4,2,2,"Chain_7_Gen_4_Cond_2_Source_2"
"1483",7,4,3,11,"Chain_7_Gen_4_Cond_3_Source_11"
"1484",7,4,3,5,"Chain_7_Gen_4_Cond_3_Source_5"
"1485",7,4,3,7,"Chain_7_Gen_4_Cond_3_Source_7"
"1486",7,4,4,6,"Chain_7_Gen_4_Cond_4_Source_6"
"1487",7,4,4,8,"Chain_7_Gen_4_Cond_4_Source_8"
"1488",7,4,4,1,"Chain_7_Gen_4_Cond_4_Source_1"
"1489",7,5,1,3,"Chain_7_Gen_5_Cond_1_Source_3"
"1490",7,5,1,10,"Chain_7_Gen_5_Cond_1_Source_10"
"1491",7,5,1,12,"Chain_7_Gen_5_Cond_1_Source_12"
"1492",7,5,2,9,"Chain_7_Gen_5_Cond_2_Source_9"
"1493",7,5,2,4,"Chain_7_Gen_5_Cond_2_Source_4"
"1494",7,5,2,2,"Chain_7_Gen_5_Cond_2_Source_2"
"1495",7,5,3,11,"Chain_7_Gen_5_Cond_3_Source_11"
"1496",7,5,3,5,"Chain_7_Gen_5_Cond_3_Source_5"
"1497",7,5,3,7,"Chain_7_Gen_5_Cond_3_Source_7"
"1498",7,5,4,6,"Chain_7_Gen_5_Cond_4_Source_6"
"1499",7,5,4,8,"Chain_7_Gen_5_Cond_4_Source_8"
"1500",7,5,4,1,"Chain_7_Gen_5_Cond_4_Source_1"
"1501",7,6,1,3,"Chain_7_Gen_6_Cond_1_Source_3"
"1502",7,6,1,10,"Chain_7_Gen_6_Cond_1_Source_10"
"1503",7,6,1,12,"Chain_7_Gen_6_Cond_1_Source_12"
"1504",7,6,2,9,"Chain_7_Gen_6_Cond_2_Source_9"
"1505",7,6,2,4,"Chain_7_Gen_6_Cond_2_Source_4"
"1506",7,6,2,2,"Chain_7_Gen_6_Cond_2_Source_2"
"1507",7,6,3,11,"Chain_7_Gen_6_Cond_3_Source_11"
"1508",7,6,3,5,"Chain_7_Gen_6_Cond_3_Source_5"
"1509",7,6,3,7,"Chain_7_Gen_6_Cond_3_Source_7"
"1510",7,6,4,6,"Chain_7_Gen_6_Cond_4_Source_6"
"1511",7,6,4,8,"Chain_7_Gen_6_Cond_4_Source_8"
"1512",7,6,4,1,"Chain_7_Gen_6_Cond_4_Source_1"
"1513",8,0,1,3,"Chain_8_Gen_0_Cond_1_Source_3"
"1514",8,0,1,4,"Chain_8_Gen_0_Cond_1_Source_4"
"1515",8,0,1,8,"Chain_8_Gen_0_Cond_1_Source_8"
"1516",8,0,2,5,"Chain_8_Gen_0_Cond_2_Source_5"
"1517",8,0,2,1,"Chain_8_Gen_0_Cond_2_Source_1"
"1518",8,0,2,9,"Chain_8_Gen_0_Cond_2_Source_9"
"1519",8,0,3,10,"Chain_8_Gen_0_Cond_3_Source_10"
"1520",8,0,3,2,"Chain_8_Gen_0_Cond_3_Source_2"
"1521",8,0,3,12,"Chain_8_Gen_0_Cond_3_Source_12"
"1522",8,0,4,11,"Chain_8_Gen_0_Cond_4_Source_11"
"1523",8,0,4,6,"Chain_8_Gen_0_Cond_4_Source_6"
"1524",8,0,4,7,"Chain_8_Gen_0_Cond_4_Source_7"
"1525",8,1,1,3,"Chain_8_Gen_1_Cond_1_Source_3"
"1526",8,1,1,4,"Chain_8_Gen_1_Cond_1_Source_4"
"1527",8,1,1,8,"Chain_8_Gen_1_Cond_1_Source_8"
"1528",8,1,2,5,"Chain_8_Gen_1_Cond_2_Source_5"
"1529",8,1,2,1,"Chain_8_Gen_1_Cond_2_Source_1"
"1530",8,1,2,9,"Chain_8_Gen_1_Cond_2_Source_9"
"1531",8,1,3,10,"Chain_8_Gen_1_Cond_3_Source_10"
"1532",8,1,3,2,"Chain_8_Gen_1_Cond_3_Source_2"
"1533",8,1,3,12,"Chain_8_Gen_1_Cond_3_Source_12"
"1534",8,1,4,11,"Chain_8_Gen_1_Cond_4_Source_11"
"1535",8,1,4,6,"Chain_8_Gen_1_Cond_4_Source_6"
"1536",8,1,4,7,"Chain_8_Gen_1_Cond_4_Source_7"
"1537",8,2,1,3,"Chain_8_Gen_2_Cond_1_Source_3"
"1538",8,2,1,4,"Chain_8_Gen_2_Cond_1_Source_4"
"1539",8,2,1,8,"Chain_8_Gen_2_Cond_1_Source_8"
"1540",8,2,2,5,"Chain_8_Gen_2_Cond_2_Source_5"
"1541",8,2,2,1,"Chain_8_Gen_2_Cond_2_Source_1"
"1542",8,2,2,9,"Chain_8_Gen_2_Cond_2_Source_9"
"1543",8,2,3,10,"Chain_8_Gen_2_Cond_3_Source_10"
"1544",8,2,3,2,"Chain_8_Gen_2_Cond_3_Source_2"
"1545",8,2,3,12,"Chain_8_Gen_2_Cond_3_Source_12"
"1546",8,2,4,11,"Chain_8_Gen_2_Cond_4_Source_11"
"1547",8,2,4,6,"Chain_8_Gen_2_Cond_4_Source_6"
"1548",8,2,4,7,"Chain_8_Gen_2_Cond_4_Source_7"
"1549",8,3,1,3,"Chain_8_Gen_3_Cond_1_Source_3"
"1550",8,3,1,4,"Chain_8_Gen_3_Cond_1_Source_4"
"1551",8,3,1,8,"Chain_8_Gen_3_Cond_1_Source_8"
"1552",8,3,2,5,"Chain_8_Gen_3_Cond_2_Source_5"
"1553",8,3,2,1,"Chain_8_Gen_3_Cond_2_Source_1"
"1554",8,3,2,9,"Chain_8_Gen_3_Cond_2_Source_9"
"1555",8,3,3,10,"Chain_8_Gen_3_Cond_3_Source_10"
"1556",8,3,3,2,"Chain_8_Gen_3_Cond_3_Source_2"
"1557",8,3,3,12,"Chain_8_Gen_3_Cond_3_Source_12"
"1558",8,3,4,11,"Chain_8_Gen_3_Cond_4_Source_11"
"1559",8,3,4,6,"Chain_8_Gen_3_Cond_4_Source_6"
"1560",8,3,4,7,"Chain_8_Gen_3_Cond_4_Source_7"
"1561",8,4,1,3,"Chain_8_Gen_4_Cond_1_Source_3"
"1562",8,4,1,4,"Chain_8_Gen_4_Cond_1_Source_4"
"1563",8,4,1,8,"Chain_8_Gen_4_Cond_1_Source_8"
"1564",8,4,2,5,"Chain_8_Gen_4_Cond_2_Source_5"
"1565",8,4,2,1,"Chain_8_Gen_4_Cond_2_Source_1"
"1566",8,4,2,9,"Chain_8_Gen_4_Cond_2_Source_9"
"1567",8,4,3,10,"Chain_8_Gen_4_Cond_3_Source_10"
"1568",8,4,3,2,"Chain_8_Gen_4_Cond_3_Source_2"
"1569",8,4,3,12,"Chain_8_Gen_4_Cond_3_Source_12"
"1570",8,4,4,11,"Chain_8_Gen_4_Cond_4_Source_11"
"1571",8,4,4,6,"Chain_8_Gen_4_Cond_4_Source_6"
"1572",8,4,4,7,"Chain_8_Gen_4_Cond_4_Source_7"
"1573",8,5,1,3,"Chain_8_Gen_5_Cond_1_Source_3"
"1574",8,5,1,4,"Chain_8_Gen_5_Cond_1_Source_4"
"1575",8,5,1,8,"Chain_8_Gen_5_Cond_1_Source_8"
"1576",8,5,2,5,"Chain_8_Gen_5_Cond_2_Source_5"
"1577",8,5,2,1,"Chain_8_Gen_5_Cond_2_Source_1"
"1578",8,5,2,9,"Chain_8_Gen_5_Cond_2_Source_9"
"1579",8,5,3,10,"Chain_8_Gen_5_Cond_3_Source_10"
"1580",8,5,3,2,"Chain_8_Gen_5_Cond_3_Source_2"
"1581",8,5,3,12,"Chain_8_Gen_5_Cond_3_Source_12"
"1582",8,5,4,11,"Chain_8_Gen_5_Cond_4_Source_11"
"1583",8,5,4,6,"Chain_8_Gen_5_Cond_4_Source_6"
"1584",8,5,4,7,"Chain_8_Gen_5_Cond_4_Source_7"
"1585",8,6,1,3,"Chain_8_Gen_6_Cond_1_Source_3"
"1586",8,6,1,4,"Chain_8_Gen_6_Cond_1_Source_4"
"1587",8,6,1,8,"Chain_8_Gen_6_Cond_1_Source_8"
"1588",8,6,2,5,"Chain_8_Gen_6_Cond_2_Source_5"
"1589",8,6,2,1,"Chain_8_Gen_6_Cond_2_Source_1"
"1590",8,6,2,9,"Chain_8_Gen_6_Cond_2_Source_9"
"1591",8,6,3,10,"Chain_8_Gen_6_Cond_3_Source_10"
"1592",8,6,3,2,"Chain_8_Gen_6_Cond_3_Source_2"
"1593",8,6,3,12,"Chain_8_Gen_6_Cond_3_Source_12"
"1594",8,6,4,11,"Chain_8_Gen_6_Cond_4_Source_11"
"1595",8,6,4,6,"Chain_8_Gen_6_Cond_4_Source_6"
"1596",8,6,4,7,"Chain_8_Gen_6_Cond_4_Source_7"
"1597",9,0,1,1,"Chain_9_Gen_0_Cond_1_Source_1"
"1598",9,0,1,4,"Chain_9_Gen_0_Cond_1_Source_4"
"1599",9,0,1,12,"Chain_9_Gen_0_Cond_1_Source_12"
"1600",9,0,2,11,"Chain_9_Gen_0_Cond_2_Source_11"
"1601",9,0,2,7,"Chain_9_Gen_0_Cond_2_Source_7"
"1602",9,0,2,9,"Chain_9_Gen_0_Cond_2_Source_9"
"1603",9,0,3,10,"Chain_9_Gen_0_Cond_3_Source_10"
"1604",9,0,3,8,"Chain_9_Gen_0_Cond_3_Source_8"
"1605",9,0,3,2,"Chain_9_Gen_0_Cond_3_Source_2"
"1606",9,0,4,6,"Chain_9_Gen_0_Cond_4_Source_6"
"1607",9,0,4,5,"Chain_9_Gen_0_Cond_4_Source_5"
"1608",9,0,4,3,"Chain_9_Gen_0_Cond_4_Source_3"
"1609",9,1,1,1,"Chain_9_Gen_1_Cond_1_Source_1"
"1610",9,1,1,4,"Chain_9_Gen_1_Cond_1_Source_4"
"1611",9,1,1,12,"Chain_9_Gen_1_Cond_1_Source_12"
"1612",9,1,2,11,"Chain_9_Gen_1_Cond_2_Source_11"
"1613",9,1,2,7,"Chain_9_Gen_1_Cond_2_Source_7"
"1614",9,1,2,9,"Chain_9_Gen_1_Cond_2_Source_9"
"1615",9,1,3,10,"Chain_9_Gen_1_Cond_3_Source_10"
"1616",9,1,3,8,"Chain_9_Gen_1_Cond_3_Source_8"
"1617",9,1,3,2,"Chain_9_Gen_1_Cond_3_Source_2"
"1618",9,1,4,6,"Chain_9_Gen_1_Cond_4_Source_6"
"1619",9,1,4,5,"Chain_9_Gen_1_Cond_4_Source_5"
"1620",9,1,4,3,"Chain_9_Gen_1_Cond_4_Source_3"
"1621",9,2,1,1,"Chain_9_Gen_2_Cond_1_Source_1"
"1622",9,2,1,4,"Chain_9_Gen_2_Cond_1_Source_4"
"1623",9,2,1,12,"Chain_9_Gen_2_Cond_1_Source_12"
"1624",9,2,2,11,"Chain_9_Gen_2_Cond_2_Source_11"
"1625",9,2,2,7,"Chain_9_Gen_2_Cond_2_Source_7"
"1626",9,2,2,9,"Chain_9_Gen_2_Cond_2_Source_9"
"1627",9,2,3,10,"Chain_9_Gen_2_Cond_3_Source_10"
"1628",9,2,3,8,"Chain_9_Gen_2_Cond_3_Source_8"
"1629",9,2,3,2,"Chain_9_Gen_2_Cond_3_Source_2"
"1630",9,2,4,6,"Chain_9_Gen_2_Cond_4_Source_6"
"1631",9,2,4,5,"Chain_9_Gen_2_Cond_4_Source_5"
"1632",9,2,4,3,"Chain_9_Gen_2_Cond_4_Source_3"
"1633",9,3,1,1,"Chain_9_Gen_3_Cond_1_Source_1"
"1634",9,3,1,4,"Chain_9_Gen_3_Cond_1_Source_4"
"1635",9,3,1,12,"Chain_9_Gen_3_Cond_1_Source_12"
"1636",9,3,2,11,"Chain_9_Gen_3_Cond_2_Source_11"
"1637",9,3,2,7,"Chain_9_Gen_3_Cond_2_Source_7"
"1638",9,3,2,9,"Chain_9_Gen_3_Cond_2_Source_9"
"1639",9,3,3,10,"Chain_9_Gen_3_Cond_3_Source_10"
"1640",9,3,3,8,"Chain_9_Gen_3_Cond_3_Source_8"
"1641",9,3,3,2,"Chain_9_Gen_3_Cond_3_Source_2"
"1642",9,3,4,6,"Chain_9_Gen_3_Cond_4_Source_6"
"1643",9,3,4,5,"Chain_9_Gen_3_Cond_4_Source_5"
"1644",9,3,4,3,"Chain_9_Gen_3_Cond_4_Source_3"
"1645",9,4,1,1,"Chain_9_Gen_4_Cond_1_Source_1"
"1646",9,4,1,4,"Chain_9_Gen_4_Cond_1_Source_4"
"1647",9,4,1,12,"Chain_9_Gen_4_Cond_1_Source_12"
"1648",9,4,2,11,"Chain_9_Gen_4_Cond_2_Source_11"
"1649",9,4,2,7,"Chain_9_Gen_4_Cond_2_Source_7"
"1650",9,4,2,9,"Chain_9_Gen_4_Cond_2_Source_9"
"1651",9,4,3,10,"Chain_9_Gen_4_Cond_3_Source_10"
"1652",9,4,3,8,"Chain_9_Gen_4_Cond_3_Source_8"
"1653",9,4,3,2,"Chain_9_Gen_4_Cond_3_Source_2"
"1654",9,4,4,6,"Chain_9_Gen_4_Cond_4_Source_6"
"1655",9,4,4,5,"Chain_9_Gen_4_Cond_4_Source_5"
"1656",9,4,4,3,"Chain_9_Gen_4_Cond_4_Source_3"
"1657",9,5,1,1,"Chain_9_Gen_5_Cond_1_Source_1"
"1658",9,5,1,4,"Chain_9_Gen_5_Cond_1_Source_4"
"1659",9,5,1,12,"Chain_9_Gen_5_Cond_1_Source_12"
"1660",9,5,2,11,"Chain_9_Gen_5_Cond_2_Source_11"
"1661",9,5,2,7,"Chain_9_Gen_5_Cond_2_Source_7"
"1662",9,5,2,9,"Chain_9_Gen_5_Cond_2_Source_9"
"1663",9,5,3,10,"Chain_9_Gen_5_Cond_3_Source_10"
"1664",9,5,3,8,"Chain_9_Gen_5_Cond_3_Source_8"
"1665",9,5,3,2,"Chain_9_Gen_5_Cond_3_Source_2"
"1666",9,5,4,6,"Chain_9_Gen_5_Cond_4_Source_6"
"1667",9,5,4,5,"Chain_9_Gen_5_Cond_4_Source_5"
"1668",9,5,4,3,"Chain_9_Gen_5_Cond_4_Source_3"
"1669",9,6,1,1,"Chain_9_Gen_6_Cond_1_Source_1"
"1670",9,6,1,4,"Chain_9_Gen_6_Cond_1_Source_4"
"1671",9,6,1,12,"Chain_9_Gen_6_Cond_1_Source_12"
"1672",9,6,2,11,"Chain_9_Gen_6_Cond_2_Source_11"
"1673",9,6,2,7,"Chain_9_Gen_6_Cond_2_Source_7"
"1674",9,6,2,9,"Chain_9_Gen_6_Cond_2_Source_9"
"1675",9,6,3,10,"Chain_9_Gen_6_Cond_3_Source_10"
"1676",9,6,3,8,"Chain_9_Gen_6_Cond_3_Source_8"
"1677",9,6,3,2,"Chain_9_Gen_6_Cond_3_Source_2"
"1678",9,6,4,6,"Chain_9_Gen_6_Cond_4_Source_6"
"1679",9,6,4,5,"Chain_9_Gen_6_Cond_4_Source_5"
"1680",9,6,4,3,"Chain_9_Gen_6_Cond_4_Source_3"
